"video_id","publishedAt","title","description","channelId","channelTitle","categoryId","Language","AudioLanguage","tags","duration","caption","viewCount","likeCount","commentCount"
"VuJjz1mas5w","2025-12-19T07:56:01Z","√âric Coquerel, d√©put√© LFI, est l'invit√© politique de la matinale de franceinfo","Commission mixte paritaire, budget de l'Etat, trait√© Mercosur et dermatose nodulaire... Eric Coquerel, d√©put√© La France insoumise et pr√©sident de la Commission des Finances de l'Assembl√©e nationale, √©tait l'invit√© politique de la matinale de franceinfo, vendredi 19 d√©cembre. Il a assur√© qu'il y avait ""9 chances sur 10"" qu'il n'y ait pas d'accord sur la Commission mixte paritaire qui se tient vendredi matin. ""Sur le fond, ce budget n'est pas souhaitable. Et en plus, il n'a pas de majorit√©"", a-t-il ajout√©.

--

http://www.franceinfo.fr
Twitter : https://twitter.com/franceinfo
Facebook :  https://www.facebook.com/franceinfo/
Instagram : https://www.instagram.com/franceinfo/
TikTok : https://www.tiktok.com/@franceinfo
Twitch : https://www.twitch.tv/franceinfo
Bluesky : https://bsky.app/profile/franceinfo.fr
Threads : https://www.threads.net/@franceinfo?hl=fr","UCO6K_kkdP-lnSCiO3tPx7WA","franceinfo","25","fr","fr","Mercosur|LFI|Budget 2026|dermatose|agriculteurs|budget|√©cologiste et social|interview|politique|√âcologiste|Budget|Brandt|Nicolas Sarkozy|R√©publicains|interview|politique|interview|politique|Budget|Horizons|Pr√©sidentielles 2027|√âdouard Philippe","PT9M50S","false",3751,74,90
"BcFkmfHmFO8","2025-12-18T13:45:20Z","Cyrielle Chatelain, d√©put√©e √âcologiste et Social, √©tait l'invit√©e de la matinale de franceinfo","Dermatose nodulaire, Mercosur, budget de la S√©curit√© sociale et budget de la France... Cyrielle Chatelain, pr√©sidente du groupe Ecologiste et social √† l'Assembl√©e nationale, √©tait l'invit√©e politique de la matinale de franceinfo, jeudi 18 d√©cembre. Interrog√©e par Alix Bouilhaguet, la d√©put√©e a notamment assur√© que le lien de confiance √©tait rompue entre les agriculteurs et le gouvernement en raison de la crise agricole. ""Il n'y a pas de contestation de la n√©cessit√© d'abattage, la question c'est l'abattage total, on pourrait avoir un abattage cibl√© sur les b√™tes malades"", a-t-elle √©galement d√©clar√©.

--

http://www.franceinfo.fr
Twitter : https://twitter.com/franceinfo
Facebook :  https://www.facebook.com/franceinfo/
Instagram : https://www.instagram.com/franceinfo/
TikTok : https://www.tiktok.com/@franceinfo
Twitch : https://www.twitch.tv/franceinfo
Bluesky : https://bsky.app/profile/franceinfo.fr
Threads : https://www.threads.net/@franceinfo?hl=fr","UCO6K_kkdP-lnSCiO3tPx7WA","franceinfo","25","fr","fr","Mercosur|LFI|Budget 2026|dermatose|agriculteurs|budget|√©cologiste et social|interview|politique|√âcologiste|Budget|Brandt|Nicolas Sarkozy|R√©publicains|interview|politique|interview|politique|Budget|Horizons|Pr√©sidentielles 2027|√âdouard Philippe","PT9M11S","false",716,11,12
"jxKtnA1C53g","2025-12-17T11:29:02Z","L'interview int√©grale de Marc Ferracci, d√©put√© EPR","Crise agricole, trait√© du Mercosur, budget de la S√©curit√© sociale et budget de l'Etat... Marc Ferracci, d√©put√© EPR et ancien ministre charg√© de l'Industrie, √©tait l'invit√© politique de la matinale de franceinfo, mercredi 17 d√©cembre. Il a notamment pr√©conis√© d'organiser ""un dialogue direct entre les scientifiques et les agriculteurs parce que quand les politiques s'expriment, il y a souvent du doute"" pour sortir de la crise de la dermatose nodulaire.","UCO6K_kkdP-lnSCiO3tPx7WA","franceinfo","25","fr","fr","Mercosur|LFI|Budget 2026|dermatose|agriculteurs|budget|√©cologiste et social|interview|politique|√âcologiste|Budget|Brandt|Nicolas Sarkozy|R√©publicains|interview|politique|interview|politique|Budget|Horizons|Pr√©sidentielles 2027|√âdouard Philippe","PT9M19S","false",408,6,3
"5nLSCI5_tTE","2025-12-15T18:09:13Z","""S'il y a un cas ici, je ne le d√©clarerai pas""","Le protocole sanitaire mis en place par le gouvernement contre la dermatose nodulaire est contest√© par de nombreux √©leveurs. Nous sommes all√©s dans le Gers rencontrer l'un d'entre eux. Il explique que la vaccination pourrait suffire et √©viter l'abattage de tout le troupeau, m√™me si elle risque de priver les bovins fran√ßais de leur statut europ√©en de pays ""indemne"".","UCO6K_kkdP-lnSCiO3tPx7WA","franceinfo","25","fr","fr","Mercosur|LFI|Budget 2026|dermatose|agriculteurs|budget|√©cologiste et social|interview|politique|√âcologiste|Budget|Brandt|Nicolas Sarkozy|R√©publicains|interview|politique|interview|politique|Budget|Horizons|Pr√©sidentielles 2027|√âdouard Philippe","PT2M","false",346885,13145,948
"8i0hQbUrLkc","2025-12-15T17:00:13Z","Que cherche Nicolas Sarkozy ?","üî¥‚ö°Ô∏è Nicolas Sarkozy a sem√© un d√©but de temp√™te au sein de sa famille politique et m√™me au-del√† en quelques lignes et quelques phrases d‚Äôun livre et d‚Äôune interview. L‚Äôunion des droites est-elle possible ?

https://www.france.tv/france-2/journal-20h00/
Twitter : https://twitter.com/franceinfo
Facebook :  https://www.facebook.com/franceinfo/
Instagram : https://www.instagram.com/franceinfo/

#sarkozy #RN #politique #bardella #Lepen #droite #20h","UCO6K_kkdP-lnSCiO3tPx7WA","franceinfo","25","fr","fr","Mercosur|LFI|Budget 2026|dermatose|agriculteurs|budget|√©cologiste et social|interview|politique|√âcologiste|Budget|Brandt|Nicolas Sarkozy|R√©publicains|interview|politique|interview|politique|Budget|Horizons|Pr√©sidentielles 2027|√âdouard Philippe","PT2M6S","false",6173,43,25
"oK1SPZxVgS8","2025-12-12T08:38:28Z","Delphine Batho, d√©put√©e √©cologiste des Deux-S√®vres, est l'invit√©e politique de la matinale","Liquidation de Brandt, le budget de la France, les 10 ans de l'accord de Paris... L'ancienne ministre de la Transition √©cologique de Fran√ßois Hollande, Delphine Batho, aujourd'hui d√©put√©e √©cologiste et sociale des Deux-S√®vres √©tait l'invit√©e politique de la matinale de franceinfo, vendredi 12 d√©cembre. Elle a notamment assur√© que le budget de la S√©curit√© sociale, qu'elle a vot√©, avait √©t√© ""nettoy√©"" de toutes les horreurs et a assur√© que les Fran√ßais ""avaient une overdose d'instabilit√© politique"".

--

http://www.franceinfo.fr
Twitter : https://twitter.com/franceinfo
Facebook :  https://www.facebook.com/franceinfo/
Instagram : https://www.instagram.com/franceinfo/
TikTok : https://www.tiktok.com/@franceinfo
Twitch : https://www.twitch.tv/franceinfo
Bluesky : https://bsky.app/profile/franceinfo.fr
Threads : https://www.threads.net/@franceinfo?hl=fr","UCO6K_kkdP-lnSCiO3tPx7WA","franceinfo","25","fr","fr","Mercosur|LFI|Budget 2026|dermatose|agriculteurs|budget|√©cologiste et social|interview|politique|√âcologiste|Budget|Brandt|Nicolas Sarkozy|R√©publicains|interview|politique|interview|politique|Budget|Horizons|Pr√©sidentielles 2027|√âdouard Philippe","PT10M14S","false",1015,10,20
"2sI0KNhFIV8","2025-12-11T23:40:29Z","Le gouvernement bulgare d√©missionne, sur fond d'accusations de corruption","Bulgarie : le gouvernement¬† a d√©missionn√© jeudi 11 d√©cembre, au lendemain d‚Äôune manifestation de masse, en partie port√©e par la Gen Z, sur fond de crise budg√©taire et d'accusations de corruption.","UCO6K_kkdP-lnSCiO3tPx7WA","franceinfo","25","fr","fr","Mercosur|LFI|Budget 2026|dermatose|agriculteurs|budget|√©cologiste et social|interview|politique|√âcologiste|Budget|Brandt|Nicolas Sarkozy|R√©publicains|interview|politique|interview|politique|Budget|Horizons|Pr√©sidentielles 2027|√âdouard Philippe","PT1M31S","false",3692,61,4
"Ib9Clr0bx8c","2025-12-11T08:59:38Z","Florence Portelli (LR) est l'invit√©e politique de la matinale","Vote du budget de la S√©curit√© sociale, union des droites, Nicolas Sarkozy... Florence Portelli, vice-pr√©sidente LR du conseil r√©gional d'Ile-de-France √©tait l'invit√©e politique de 7h45 sur franceinfo, jeudi 11 d√©cembre 2025. Elle a r√©pondu aux questions d'Alix Bouilhaguet et n'a pas m√¢ch√© ses mots, notamment lorsqu'elle a √©voqu√© les prises de position de Nicolas Sarkozy. L'ancien chef de l'Etat ""donne une pi√®tre image par rapport √† ce qu'il a √©t√©"", selon elle.

--

http://www.franceinfo.fr
Twitter : https://twitter.com/franceinfo
Facebook :  https://www.facebook.com/franceinfo/
Instagram : https://www.instagram.com/franceinfo/
TikTok : https://www.tiktok.com/@franceinfo
Twitch : https://www.twitch.tv/franceinfo
Bluesky : https://bsky.app/profile/franceinfo.fr
Threads : https://www.threads.net/@franceinfo?hl=fr","UCO6K_kkdP-lnSCiO3tPx7WA","franceinfo","25","fr","fr","Mercosur|LFI|Budget 2026|dermatose|agriculteurs|budget|√©cologiste et social|interview|politique|√âcologiste|Budget|Brandt|Nicolas Sarkozy|R√©publicains|interview|politique|interview|politique|Budget|Horizons|Pr√©sidentielles 2027|√âdouard Philippe","PT8M53S","false",3401,45,28
"R3kdsDf62gU","2025-12-10T22:00:35Z","Les lecteurs de Nicolas Sarkozy favorables √† l'union des droites ?","On est all√© √† la d√©dicace du nouveau livre de Nicolas Sarkozy, ‚ÄúLe journal d‚Äôun prisonnier‚Äù, le 10 d√©cembre √† Paris. Ses sympathisants sont-ils favorables √† une union des droites ? On leur a pos√© la question.","UCO6K_kkdP-lnSCiO3tPx7WA","franceinfo","25","fr","fr","Mercosur|LFI|Budget 2026|dermatose|agriculteurs|budget|√©cologiste et social|interview|politique|√âcologiste|Budget|Brandt|Nicolas Sarkozy|R√©publicains|interview|politique|interview|politique|Budget|Horizons|Pr√©sidentielles 2027|√âdouard Philippe","PT1M32S","false",1227,15,0
"gil7R3t1UNA","2025-12-10T21:04:51Z","La pr√©sidente de France TV, Delphine Ernotte, face aux d√©put√©s","La pr√©sidente de France T√©l√©visions Delphine Ernotte a √©t√© interrog√©e par des d√©put√©s de tous bords politiques mercredi 10 d√©cembre lors d'une commission d'enqu√™te sur l'audiovisuel public. Pendant 4h30, elle a d√©fendu sa gestion financi√®re de l'entreprise et la neutralit√© de ses programmes.","UCO6K_kkdP-lnSCiO3tPx7WA","franceinfo","25","fr","fr","Mercosur|LFI|Budget 2026|dermatose|agriculteurs|budget|√©cologiste et social|interview|politique|√âcologiste|Budget|Brandt|Nicolas Sarkozy|R√©publicains|interview|politique|interview|politique|Budget|Horizons|Pr√©sidentielles 2027|√âdouard Philippe","PT2M30S","false",21214,436,164
"Fry-SR2LrL0","2025-12-10T19:25:17Z","Deux Femen perturbent la s√©ance de d√©dicaces de Nicolas Sarkozy","Deux militantes f√©ministes, des Femen, ont √©t√© interpell√©es mercredi 10 d√©cembre apr√®s-midi apr√®s avoir perturb√© une s√©ance de d√©dicaces de Nicolas Sarkozy √† Paris, en scandant ‚Äúcasse toi pauv‚Äô con !‚Äú, en r√©f√©rence √† l‚Äôinsulte prof√©r√©e par Nicolas Sarkozy lui-m√™me √† l‚Äôadresse d‚Äôun visiteur du Salon de l‚Äôagriculture en f√©vrier 2008.","UCO6K_kkdP-lnSCiO3tPx7WA","franceinfo","25","fr","fr","Mercosur|LFI|Budget 2026|dermatose|agriculteurs|budget|√©cologiste et social|interview|politique|√âcologiste|Budget|Brandt|Nicolas Sarkozy|R√©publicains|interview|politique|interview|politique|Budget|Horizons|Pr√©sidentielles 2027|√âdouard Philippe","PT35S","false",8892,90,30
"HzTRT-tPMQ4","2025-12-10T16:43:20Z","La longue file d'attente pour la d√©dicace du nouveau livre de Nicolas Sarkozy","Plusieurs centaines de personnes se sont donn√©es rendez-vous mercredi 10 d√©cembre √† Paris pour se faire d√©dicacer le nouveau livre de Nicolas Sarkozy ""Le Journal d'un prisonnier"".","UCO6K_kkdP-lnSCiO3tPx7WA","franceinfo","25","fr","fr","Mercosur|LFI|Budget 2026|dermatose|agriculteurs|budget|√©cologiste et social|interview|politique|√âcologiste|Budget|Brandt|Nicolas Sarkozy|R√©publicains|interview|politique|interview|politique|Budget|Horizons|Pr√©sidentielles 2027|√âdouard Philippe","PT27S","false",3637,17,0
"DgxBdgBXEoQ","2025-12-10T07:51:38Z","Laurent Panifous, est l'invit√©e politique de la matinale de franceinfo","Laurent Panifous, ministre d√©l√©gu√© aux relations avec le Parlement¬†
est l'invit√©e politique de la matinale de franceinfo.","UCO6K_kkdP-lnSCiO3tPx7WA","franceinfo","25","fr","fr","Mercosur|LFI|Budget 2026|dermatose|agriculteurs|budget|√©cologiste et social|interview|politique|√âcologiste|Budget|Brandt|Nicolas Sarkozy|R√©publicains|interview|politique|interview|politique|Budget|Horizons|Pr√©sidentielles 2027|√âdouard Philippe","PT9M36S","false",404,4,0
"TCiju_F2sxk","2025-12-09T20:19:00Z","Budget adopt√© de justesse : ""Il faut changer la mani√®re d'exercer le pouvoir"" pour Gabriel Attal","üî¥üó£Ô∏è Budget 2026 adopt√© de justesse : ""Ce que le Parlement a fait ce soir, c'est juste son travail. Il faut changer de mod√®le, sortir de cette tyrannie - chacun doit faire son examen de conscience - (...) dans laquelle la majorit√© doit l‚Äôemporter sur l‚Äôopposition, l‚ÄôEtat sur les collectivit√©s locales, les partenaires sociaux‚Äù d√©clare Gabriel Attal. 

https://www.france.tv/france-2/journal-20h00/
Twitter : https://twitter.com/franceinfo
Facebook :  https://www.facebook.com/franceinfo/
Instagram : https://www.instagram.com/franceinfo/

#budget #attal #parlement #France #voile #20h","UCO6K_kkdP-lnSCiO3tPx7WA","franceinfo","25","fr","fr","Mercosur|LFI|Budget 2026|dermatose|agriculteurs|budget|√©cologiste et social|interview|politique|√âcologiste|Budget|Brandt|Nicolas Sarkozy|R√©publicains|interview|politique|interview|politique|Budget|Horizons|Pr√©sidentielles 2027|√âdouard Philippe","PT6M38S","false",6555,59,30
"AYkGce0W_fs","2025-12-09T19:21:15Z","L'Assembl√©e nationale adopte de justesse le projet de budget de la S√©curit√© sociale","Les d√©put√©s ont approuv√© mardi soir le projet de loi de financement de la S√©curit√© sociale 2026, avec 247 voix pour, 234 contre et 93 abstentions. #canal16","UCO6K_kkdP-lnSCiO3tPx7WA","franceinfo","25","fr","fr","Mercosur|LFI|Budget 2026|dermatose|agriculteurs|budget|√©cologiste et social|interview|politique|√âcologiste|Budget|Brandt|Nicolas Sarkozy|R√©publicains|interview|politique|interview|politique|Budget|Horizons|Pr√©sidentielles 2027|√âdouard Philippe","PT20S","false",5601,50,1
"sqDp8i9vz-I","2025-12-09T16:59:32Z","Nicusor Dan : ""Je ne suis pas optimiste sur le fait que la Russie veuille la paix""","""Je ne suis pas optimiste sur le fait que la Russie veuille la paix"" : interrog√© sur le conflit russo-ukrainien aux portes de son pays, le pr√©sident de la Roumanie, Nicusor Dan, est l‚Äôinvit√© exceptionnel de franceinfo. #canal16","UCO6K_kkdP-lnSCiO3tPx7WA","franceinfo","25","fr","fr","Mercosur|LFI|Budget 2026|dermatose|agriculteurs|budget|√©cologiste et social|interview|politique|√âcologiste|Budget|Brandt|Nicolas Sarkozy|R√©publicains|interview|politique|interview|politique|Budget|Horizons|Pr√©sidentielles 2027|√âdouard Philippe","PT1M29S","false",2688,49,4
"CFhn-zQ1n0o","2025-12-09T09:03:37Z","S√©bastien Chenu, d√©put√© RN du Nord, est l'invit√© politique de la matinale","S√©bastien Chenu, d√©put√© RN du Nord et vice-pr√©sident de l'Assembl√©e nationale est l'invit√© politique de la matinale de franceinfo.","UCO6K_kkdP-lnSCiO3tPx7WA","franceinfo","25","fr","fr","Mercosur|LFI|Budget 2026|dermatose|agriculteurs|budget|√©cologiste et social|interview|politique|√âcologiste|Budget|Brandt|Nicolas Sarkozy|R√©publicains|interview|politique|interview|politique|Budget|Horizons|Pr√©sidentielles 2027|√âdouard Philippe","PT9M28S","false",2054,34,18
"vzwEvp6yc7Y","2025-12-05T17:02:00Z","La bataille des municipales a commenc√©","üá´üá∑ Lyon : le maire actuel et candidat √† sa r√©√©lection Gr√©gory Doucet est vivement concurrenc√© par celui que tout le monde appelle ""pr√©sident"". Jean-Michel Aulas esp√®re conqu√©rir la 3√®me ville de France avec ses propres m√©thodes.

üá´üá∑‚ôÄÔ∏è Municipales : o√π sont les femmes ? Alors que la parit√© est d√©sormais obligatoire sur les listes, dans certains villages, on cherche d√©sesp√©r√©ment des colisti√®res engag√©es.

üëç Connaissez-vous la ""F√©d√©ration fran√ßaise des trucs qui marchent"" ? Des √©lus se battent pour mettre en avant des initiatives positives. 

https://www.france.tv/france-2/journal-20h00/
Twitter : https://twitter.com/franceinfo
Facebook :  https://www.facebook.com/franceinfo/
Instagram : https://www.instagram.com/franceinfo/

#aulas #maires #femmes #municipales #lyon #20h","UCO6K_kkdP-lnSCiO3tPx7WA","franceinfo","25","fr","fr","Mercosur|LFI|Budget 2026|dermatose|agriculteurs|budget|√©cologiste et social|interview|politique|√âcologiste|Budget|Brandt|Nicolas Sarkozy|R√©publicains|interview|politique|interview|politique|Budget|Horizons|Pr√©sidentielles 2027|√âdouard Philippe","PT15M30S","false",22157,299,61
"MGRH2_QN978","2025-12-05T10:00:41Z","Paul Christophe, pr√©sident du groupe Horizons, est l'invit√© de la matinale de franceinfo","Budget 2026, candidature d'√âdouard Philippe √† la pr√©sidentielle 2027, √©lections municipales √† venir... Paul Christophe, pr√©sident du groupe Horizons et Ind√©pendants, est l'invit√© de la matinale de franceinfo, vendredi 5 d√©cembre 2025.

--

http://www.franceinfo.fr
Twitter : https://twitter.com/franceinfo
Facebook :  https://www.facebook.com/franceinfo/
Instagram : https://www.instagram.com/franceinfo/
TikTok : https://www.tiktok.com/@franceinfo
Twitch : https://www.twitch.tv/franceinfo
Bluesky : https://bsky.app/profile/franceinfo.fr
Threads : https://www.threads.net/@franceinfo?hl=fr","UCO6K_kkdP-lnSCiO3tPx7WA","franceinfo","25","fr","fr","Mercosur|LFI|Budget 2026|dermatose|agriculteurs|budget|√©cologiste et social|interview|politique|√âcologiste|Budget|Brandt|Nicolas Sarkozy|R√©publicains|interview|politique|interview|politique|Budget|Horizons|Pr√©sidentielles 2027|√âdouard Philippe","PT9M23S","false",477,4,2
"I4xfa8vX0e0","2025-12-04T17:00:36Z","Municipales : quand le RN drague √† droite","üëÅÔ∏èüá´üá∑ Le RN a investi 600 candidats pour les municipales, un record, et esp√®re rallier des candidats de droite en leur proposant de signer une charte. Une strat√©gie qui peut s'av√©rer payante ?

https://www.france.tv/france-2/journal-20h00/
Twitter : https://twitter.com/franceinfo
Facebook :  https://www.facebook.com/franceinfo/
Instagram : https://www.instagram.com/franceinfo/

#RN #municipales #rassemblementnational #charte #maires #20h","UCO6K_kkdP-lnSCiO3tPx7WA","franceinfo","25","fr","fr","Mercosur|LFI|Budget 2026|dermatose|agriculteurs|budget|√©cologiste et social|interview|politique|√âcologiste|Budget|Brandt|Nicolas Sarkozy|R√©publicains|interview|politique|interview|politique|Budget|Horizons|Pr√©sidentielles 2027|√âdouard Philippe","PT3M44S","false",2126,44,13
