"";"classe 1"
"mr";0
"mrs";0
"miss";0
"time";0
"good";0
"great";0
"feel";0
"give";0
"lady";0
"sister";0
"day";0
"man";0
"long";0
"hear";0
"thing";0
"fanny";0
"friend";0
"dear";0
"speak";0
"hope";0
"find";0
"room";0
"young";0
"leave";0
"sir";0
"emma";0
"house";0
"elizabeth";0
"father";0
"talk";0
"elinor";0
"walk";0
"mother";0
"love";0
"person";0
"family";0
"begin";0
"happy";0
"catherine";0
"manner";0
"crawford";0
"mind";0
"jane";0
"return";0
"moment";0
"letter";0
"marianne";0
"part";0
"woman";0
"place";0
"home";0
"suppose";0
"feelings";0
"brother";0
"anne";0
"hour";0
"word";0
"pleasure";0
"half";0
"reply";0
"till";0
"heart";0
"year";0
"marry";0
"meet";0
"bring";0
"pass";0
"call";0
"subject";0
"morning";0
"sit";0
"present";0
"eye";0
"understand";0
"spirit";0
"turn";0
"weston";0
"party";0
"answer";0
"cry";0
"general";0
"poor";0
"harriet";0
"darcy";0
"write";0
"world";0
"edmund";0
"attention";0
"daughter";0
"kind";0
"opinion";0
"interest";0
"receive";0
"knightley";0
"visit";0
"expect";0
"elton";0
"life";0
"smile";0
"idea";0
"happiness";0
"child";0
"oblige";0
"doubt";0
"hand";0
"side";0
"bad";0
"back";0
"minute";0
"live";0
"captain";0
"end";0
"acquaintance";0
"girl";0
"comfort";0
"thomas";0
"point";0
"draw";0
"immediately";0
"affection";0
"short";0
"ill";0
"add";0
"woodhouse";0
"put";0
"deal";0
"assure";0
"open";0
"character";0
"bingley";0
"colonel";0
"bennet";0
"john";0
"door";0
"gentleman";0
"read";0
"dance";0
"week";0
"sort";0
"account";0
"care";0
"set";0
"rest";0
"stay";0
"continue";0
"cousin";0
"settle";0
"object";0
"dare";0
"circumstance";0
"henry";0
"surprise";0
"aunt";0
"chapter";0
"wife";0
"situation";0
"perfectly";0
"bertram";0
"edward";0
"engage";0
"small";0
"body";0
"remain";0
"carriage";0
"glad";0
"enter";0
"bear";0
"pretty";0
"power";0
"determine";0
"satisfy";0
"reason";0
"delight";0
"matter";0
"elliot";0
"change";0
"early";0
"dashwood";0
"observe";0
"mary";0
"fine";0
"business";0
"head";0
"agreeable";0
"town";0
"fairfax";0
"strong";0
"conversation";0
"regard";0
"fear";0
"uncle";0
"listen";0
"stand";0
"jennings";0
"state";0
"voice";0
"question";0
"bath";0
"wait";0
"ready";0
"forget";0
"concern";0
"mention";0
"fancy";0
"promise";0
"william";0
"churchill";0
"respect";0
"london";0
"engagement";0
"tilney";0
"marriage";0
"attend";0
"suffer";0
"son";0
"wentworth";0
"spend";0
"rushworth";0
"frank";0
"willoughby";0
"imagine";0
"convince";0
"impossible";0
"occasion";0
"pain";0
"norris";0
"lose";0
"distress";0
"view";0
"nature";0
"play";0
"high";0
"form";0
"join";0
"husband";0
"night";0
"country";0
"persuade";0
"remember";0
"fortune";0
"sense";0
"kindness";0
"equal";0
"dinner";0
"afraid";0
"true";0
"advantage";0
"attachment";0
"handsome";0
"forward";0
"express";0
"directly";0
"wickham";0
"happen";0
"full";0
"charles";0
"work";0
"honour";0
"act";0
"offer";0
"month";0
"air";0
"large";0
"lucy";0
"isabella";0
"usual";0
"laugh";0
"collins";0
"appearance";0
"street";0
"smith";0
"real";0
"notice";0
"mansfield";0
"table";0
"grow";0
"lead";0
"pay";0
"degree";0
"company";0
"prevent";0
"natural";0
"consequence";0
"regret";0
"common";0
"temper";0
"scarcely";0
"increase";0
"behaviour";0
"fix";0
"conduct";0
"shew";0
"resolve";0
"case";0
"address";0
"ten";0
"strike";0
"difficulty";0
"reach";0
"mistake";0
"taste";0
"plan";0
"grant";0
"face";0
"evil";0
"anxious";0
"alarm";0
"fall";0
"charm";0
"pleasant";0
"judge";0
"round";0
"compliment";0
"attempt";0
"hartfield";0
"dine";0
"companion";0
"truth";0
"silence";0
"drive";0
"depend";0
"horse";0
"close";0
"society";0
"desire";0
"park";0
"ball";0
"satisfaction";0
"catch";0
"beauty";0
"acknowledge";0
"hurry";0
"russell";0
"morland";0
"bate";0
"worth";0
"thought";0
"thorpe";0
"run";0
"prove";0
"force";0
"cold";0
"accept";0
"praise";0
"knowledge";0
"declare";0
"creature";0
"countenance";0
"agree";0
"thousand";0
"proper";0
"move";0
"wrong";0
"influence";0
"brandon";0
"throw";0
"spite";0
"opportunity";0
"servant";0
"seat";0
"fond";0
"easy";0
"claim";0
"choose";0
"walter";0
"repeat";0
"produce";0
"occur";0
"dress";0
"allen";0
"event";0
"endeavour";0
"effect";0
"admire";0
"acquaint";0
"sight";0
"late";0
"humour";0
"book";0
"morrow";0
"deserve";0
"decide";0
"curiosity";0
"window";0
"watch";0
"sake";0
"mile";0
"maria";0
"lydia";0
"favour";0
"difference";0
"twenty";0
"invitation";0
"duty";0
"send";0
"proceed";0
"prepare";0
"order";0
"comfortable";0
"price";0
"musgrove";0
"ferrars";0
"delightful";0
"aware";0
"perceive";0
"avoid";0
"suspect";0
"stop";0
"silent";0
"require";0
"instantly";0
"hold";0
"disposition";0
"share";0
"low";0
"civility";0
"warm";0
"scheme";0
"fair";0
"danger";0
"chance";0
"carry";0
"ago";0
"inclination";0
"highbury";0
"excuse";0
"trust";0
"secure";0
"past";0
"equally";0
"pause";0
"match";0
"extremely";0
"expression";0
"purpose";0
"intend";0
"health";0
"excellent";0
"amiable";0
"strange";0
"rise";0
"enjoyment";0
"arrival";0
"pride";0
"julia";0
"invite";0
"expectation";0
"arrive";0
"admit";0
"admiration";0
"judgment";0
"introduce";0
"breakfast";0
"trouble";0
"superior";0
"step";0
"recollect";0
"quiet";0
"hint";0
"disappointment";0
"inquiry";0
"pity";0
"money";0
"dispose";0
"break";0
"line";0
"journey";0
"habit";0
"gratitude";0
"attach";0
"slight";0
"niece";0
"news";0
"absence";0
"resolution";0
"raise";0
"favourite";0
"clear";0
"charlotte";0
"weather";0
"support";0
"style";0
"reflection";0
"perfect";0
"consideration";0
"tone";0
"sweet";0
"speech";0
"learn";0
"light";0
"easily";0
"cottage";0
"beg";0
"admiral";0
"recommend";0
"louisa";0
"vain";0
"remove";0
"observation";0
"highly";0
"friendship";0
"fact";0
"spare";0
"objection";0
"law";0
"delay";0
"age";0
"relate";0
"loss";0
"conviction";0
"middleton";0
"importance";0
"future";0
"exceedingly";0
"ashamed";0
"agitation";0
"pray";0
"information";0
"ease";0
"distance";0
"approach";0
"anxiety";0
"seek";0
"fault";0
"afford";0
"escape";0
"disappoint";0
"command";0
"refuse";0
"martin";0
"tea";0
"suspicion";0
"succeed";0
"quick";0
"ma";0
"lizzy";0
"gardiner";0
"credit";0
"confidence";0
"blush";0
"yesterday";0
"sound";0
"scene";0
"eager";0
"angry";0
"relation";0
"quarter";0
"fit";0
"altogether";0
"absolutely";0
"shock";0
"safe";0
"recover";0
"press";0
"neighbourhood";0
"james";0
"generally";0
"gain";0
"amuse";0
"affect";0
"tear";0
"proof";0
"pound";0
"merit";0
"improve";0
"bless";0
"bed";0
"arise";0
"sentiment";0
"mine";0
"encourage";0
"eldest";0
"boy";0
"assist";0
"affair";0
"harriet_s";0
"tom";0
"sink";0
"randalls";0
"belong";0
"service";0
"prospect";0
"misery";0
"guess";0
"barton";0
"note";0
"longbourn";0
"gratify";0
"enjoy";0
"due";0
"direct";0
"wear";0
"rich";0
"recollection";0
"palmer";0
"length";0
"explain";0
"excite";0
"consent";0
"complete";0
"shake";0
"parsonage";0
"justice";0
"confess";0
"astonish";0
"amusement";0
"ah";0
"profession";0
"joy";0
"dislike";0
"comprehend";0
"cheerful";0
"card";0
"suit";0
"lord";0
"astonishment";0
"arm";0
"trifle";0
"term";0
"motive";0
"intention";0
"indifference";0
"income";0
"finish";0
"colour";0
"vanity";0
"sudden";0
"propose";0
"picture";0
"improvement";0
"choice";0
"supply";0
"period";0
"lie";0
"fortnight";0
"exclaim";0
"eleanor";0
"connection";0
"visitor";0
"perry";0
"fire";0
"extraordinary";0
"cease";0
"beautiful";0
"affectionate";0
"spring";0
"plain";0
"neighbour";0
"lively";0
"glance";0
"folly";0
"fellow";0
"emma_s";0
"eat";0
"dreadful";0
"deep";0
"conceal";0
"venture";0
"secret";0
"quit";0
"inquire";0
"hill";0
"design";0
"consciousness";0
"cole";0
"uppercross";0
"sigh";0
"rain";0
"partner";0
"odd";0
"occupy";0
"intimacy";0
"convey";0
"connexion";0
"capable";0
"assurance";0
"show";0
"save";0
"road";0
"important";0
"explanation";0
"completely";0
"whisper";0
"unhappy";0
"tire";0
"necessity";0
"intelligence";0
"harville";0
"susan";0
"respectable";0
"reproach";0
"kitty";0
"hundred";0
"exertion";0
"encouragement";0
"painful";0
"netherfield";0
"leisure";0
"kellynch";0
"inform";0
"garden";0
"dr";0
"deceive";0
"conclude";0
"abbey";0
"treat";0
"sensation";0
"reserve";0
"notion";0
"expense";0
"arrangement";0
"teach";0
"summer";0
"solicitude";0
"public";0
"hall";0
"forgive";0
"fail";0
"distinguish";0
"constant";0
"behave";0
"apply";0
"master";0
"lucas";0
"indifferent";0
"estate";0
"employ";0
"die";0
"delicacy";0
"clever";0
"benwick";0
"advice";0
"rejoice";0
"prevail";0
"prefer";0
"music";0
"justify";0
"hard";0
"fresh";0
"felicity";0
"croft";0
"wholly";0
"simple";0
"ride";0
"reasonable";0
"possibility";0
"overcome";0
"elegant";0
"dread";0
"death";0
"winter";0
"wind";0
"rate";0
"nay";0
"measure";0
"lyme";0
"ladyship";0
"emotion";0
"eagerly";0
"disagreeable";0
"direction";0
"cross";0
"considerable";0
"connect";0
"clay";0
"advance";0
"yates";0
"naturally";0
"moment_s";0
"imagination";0
"henrietta";0
"grind";0
"deny";0
"civil";0
"bow";0
"scruple";0
"relief";0
"private";0
"intimate";0
"exercise";0
"employment";0
"elegance";0
"education";0
"earnest";0
"couple";0
"compare";0
"charge";0
"warmth";0
"urge";0
"strength";0
"single";0
"robert";0
"probability";0
"principle";0
"piece";0
"madam";0
"likewise";0
"evident";0
"advise";0
"suddenly";0
"office";0
"offend";0
"nice";0
"heaven";0
"entreat";0
"communication";0
"clock";0
"bestow";0
"warmly";0
"tenderness";0
"tender";0
"story";0
"sacrifice";0
"neglect";0
"lover";0
"liberty";0
"greatly";0
"grateful";0
"gentle";0
"fatigue";0
"esteem";0
"earnestly";0
"desirable";0
"cut";0
"chair";0
"alter";0
"unite";0
"totally";0
"proposal";0
"mark";0
"inconvenience";0
"fully";0
"dwell";0
"compassion";0
"burst";0
"request";0
"provide";0
"properly";0
"parlour";0
"paper";0
"owe";0
"mere";0
"incline";0
"hate";0
"favourable";0
"discover";0
"confusion";0
"comparison";0
"circle";0
"approve";0
"unpleasant";0
"suggest";0
"steady";0
"mistress";0
"material";0
"grieve";0
"grave";0
"goddard";0
"endure";0
"conjecture";0
"composure";0
"collect";0
"build";0
"approbation";0
"touch";0
"tolerably";0
"success";0
"severe";0
"resentment";0
"melancholy";0
"indulgence";0
"history";0
"divide";0
"decline";0
"content";0
"consolation";0
"assistance";0
"arrange";0
"utmost";0
"submit";0
"sad";0
"proud";0
"propriety";0
"nonsense";0
"mortify";0
"meryton";0
"indulge";0
"calm";0
"start";0
"report";0
"remark";0
"peace";0
"pardon";0
"language";0
"interrupt";0
"fortunate";0
"entrance";0
"contrary";0
"communicate";0
"campbell";0
"box";0
"addition";0
"absent";0
"tempt";0
"sea";0
"pretend";0
"post";0
"politeness";0
"passage";0
"nephew";0
"miserable";0
"impatient";0
"frighten";0
"friendly";0
"frequently";0
"follow";0
"feature";0
"entertain";0
"apology";0
"stair";0
"spot";0
"sotherton";0
"removal";0
"property";0
"procure";0
"principal";0
"instance";0
"induce";0
"england";0
"consult";0
"agitate";0
"youth";0
"wise";0
"soul";0
"result";0
"restore";0
"readily";0
"pemberley";0
"officer";0
"norland";0
"maid";0
"figure";0
"check";0
"blame";0
"variety";0
"unable";0
"shut";0
"render";0
"possibly";0
"hair";0
"fast";0
"domestic";0
"description";0
"wretched";0
"village";0
"shame";0
"rouse";0
"remembrance";0
"possession";0
"persuasion";0
"numb";0
"lay";0
"impression";0
"human";0
"foresee";0
"evidently";0
"eagerness";0
"church";0
"cheerfulness";0
"breed";0
"witness";0
"taylor";0
"seldom";0
"papa";0
"oppose";0
"heavy";0
"ground";0
"gown";0
"frequent";0
"foot";0
"examine";0
"establish";0
"chief";0
"busy";0
"undoubtedly";0
"sufficient";0
"sleep";0
"sentence";0
"rosings";0
"relieve";0
"rational";0
"rank";0
"noise";0
"interval";0
"instrument";0
"fashion";0
"drink";0
"donwell";0
"courage";0
"caution";0
"announce";0
"unwilling";0
"tolerable";0
"soften";0
"separate";0
"quitted";0
"probable";0
"portsmouth";0
"patience";0
"message";0
"lessen";0
"illness";0
"fill";0
"entreaty";0
"clergyman";0
"chuse";0
"anger";0
"wood";0
"vex";0
"talent";0
"size";0
"quietly";0
"presently";0
"learnt";0
"kindly";0
"infinitely";0
"housekeeper";0
"heartily";0
"harm";0
"expose";0
"excessively";0
"conscience";0
"complexion";0
"buy";0
"apartment";0
"accompany";0
"selfish";0
"parent";0
"memory";0
"luck";0
"inferior";0
"independence";0
"humble";0
"horror";0
"happily";0
"flatter";0
"effort";0
"chiefly";0
"blind";0
"betray";0
"action";0
"wonderful";0
"source";0
"resist";0
"presence";0
"lucky";0
"intercourse";0
"hastily";0
"frederick";0
"differently";0
"conclusion";0
"unfortunate";0
"theatre";0
"tall";0
"struggle";0
"sorrow";0
"sick";0
"regular";0
"protest";0
"lip";0
"involve";0
"injure";0
"ignorance";0
"guard";0
"furniture";0
"fetch";0
"female";0
"embarrassment";0
"dixon";0
"describe";0
"confine";0
"apprehension";0
"alteration";0
"wed";0
"vexation";0
"study";0
"sing";0
"separation";0
"safely";0
"promote";0
"natured";0
"mutual";0
"instant";0
"hurt";0
"gradually";0
"god";0
"glow";0
"gate";0
"dignity";0
"difficult";0
"demand";0
"court";0
"beloved";0
"aye";0
"attack";0
"unnecessary";0
"triumph";0
"shop";0
"progress";0
"preserve";0
"introduction";0
"guide";0
"grove";0
"free";0
"contrive";0
"chaise";0
"attentive";0
"animate";0
"accomplish";0
"uneasiness";0
"tree";0
"sincerely";0
"shortly";0
"ruin";0
"pursue";0
"personal";0
"opposite";0
"nurse";0
"musgroves";0
"ignorant";0
"hertfordshire";0
"experience";0
"disgust";0
"dependence";0
"confirm";0
"yield";0
"water";0
"thirty";0
"sincere";0
"school";0
"remarkably";0
"preparation";0
"parish";0
"opposition";0
"offence";0
"hearted";0
"hang";0
"gay";0
"fate";0
"error";0
"distant";0
"discourse";0
"de";0
"dark";0
"daily";0
"cure";0
"conscious";0
"compose";0
"boast";0
"benefit";0
"attraction";0
"wit";0
"wild";0
"valuable";0
"utter";0
"uneasy";0
"uncomfortable";0
"twelve";0
"tranquillity";0
"reflect";0
"recommendation";0
"pursuit";0
"provoke";0
"pianoforte";0
"persons";0
"performance";0
"partiality";0
"obtain";0
"mortification";0
"middle";0
"inn";0
"indignation";0
"idle";0
"hot";0
"goodness";0
"forster";0
"disgrace";0
"certainty";0
"bourgh";0
"authority";0
"white";0
"tuesday";0
"strongly";0
"steele";0
"saturday";0
"represent";0
"renew";0
"preference";0
"perform";0
"lydia_s";0
"lane";0
"isabella_s";0
"impatience";0
"hayter";0
"game";0
"gallantry";0
"gaiety";0
"foolish";0
"exert";0
"distinction";0
"crowd";0
"congratulate";0
"ceremony";0
"calmness";0
"bustle";0
"belief";0
"aloud";0
"active";0
"yard";0
"worthy";0
"wallis";0
"suspense";0
"surprize";0
"stupid";0
"spread";0
"sex";0
"risk";0
"restraint";0
"pronounce";0
"presume";0
"northanger";0
"noble";0
"lovely";0
"fitzwilliam";0
"fifty";0
"display";0
"detain";0
"deeply";0
"create";0
"continual";0
"attribute";0
"undertake";0
"tremble";0
"sunday";0
"residence";0
"reconcile";0
"purchase";0
"peculiar";0
"mama";0
"lament";0
"independent";0
"honourable";0
"envy";0
"enscombe";0
"discovery";0
"discern";0
"delicate";0
"decision";0
"decidedly";0
"dashwoods";0
"complaint";0
"clothe";0
"christmas";0
"censure";0
"application";0
"abroad";0
"wall";0
"violent";0
"possess";0
"partial";0
"occasionally";0
"misfortune";0
"margaret";0
"interference";0
"forty";0
"fearful";0
"elliot_s";0
"dull";0
"disturb";0
"crown";0
"cheek";0
"bertrams";0
"awkward";0
"animation";0
"syllable";0
"supper";0
"superiority";0
"shrubbery";0
"season";0
"pace";0
"obligation";0
"jealousy";0
"generous";0
"existence";0
"east";0
"convenience";0
"continually";0
"condition";0
"conceive";0
"bye";0
"volume";0
"thankful";0
"symptom";0
"surround";0
"silly";0
"rule";0
"overpower";0
"openly";0
"monday";0
"maintain";0
"joke";0
"hesitate";0
"extreme";0
"drop";0
"discussion";0
"destroy";0
"departure";0
"conceit";0
"building";0
"withdraw";0
"wealth";0
"trick";0
"surprized";0
"shepherd";0
"reward";0
"resemblance";0
"oxford";0
"november";0
"loud";0
"lock";0
"library";0
"hurst";0
"hitherto";0
"haste";0
"guest";0
"grace";0
"cool";0
"brighton";0
"born";0
"betsey";0
"amazement";0
"amaze";0
"ability";0
"unlike";0
"tomorrow";0
"signify";0
"seize";0
"safety";0
"profess";0
"positive";0
"phillips";0
"nerve";0
"matrimony";0
"maple";0
"include";0
"imprudence";0
"hasten";0
"flow";0
"establishment";0
"elder";0
"ear";0
"displease";0
"despair";0
"cruel";0
"corner";0
"complain";0
"commission";0
"bend";0
"aunt_s";0
"ascertain";0
"apparent";0
"alike";0
"voluntarily";0
"unreasonable";0
"twelvemonth";0
"steeles";0
"sensibility";0
"secrecy";0
"revive";0
"representation";0
"remind";0
"rapture";0
"peculiarly";0
"liberal";0
"green";0
"furnish";0
"fly";0
"flat";0
"fairly";0
"enable";0
"eliza";0
"displeasure";0
"discretion";0
"delaford";0
"declaration";0
"console";0
"chamber";0
"bright";0
"black";0
"bid";0
"argument";0
"wretchedness";0
"unworthy";0
"unwelcome";0
"thither";0
"terror";0
"tease";0
"solitude";0
"scold";0
"sanguine";0
"ring";0
"quickly";0
"quality";0
"puzzle";0
"previously";0
"prejudice";0
"pleasantly";0
"pen";0
"newspaper";0
"manage";0
"likeness";0
"interruption";0
"injury";0
"imprudent";0
"extent";0
"exist";0
"desert";0
"contrast";0
"camden";0
"calculate";0
"bennet_s";0
"affliction";0
"acquit";0
"accommodation";0
"acceptable";0
"wednesday";0
"vary";0
"trial";0
"staid";0
"soothe";0
"sofa";0
"selfishness";0
"repeatedly";0
"remarkable";0
"recall";0
"quarrel";0
"prompt";0
"perfection";0
"passion";0
"lodge";0
"honest";0
"hesitation";0
"grief";0
"fullerton";0
"front";0
"forbid";0
"false";0
"engross";0
"devote";0
"desirous";0
"dangerous";0
"dalrymple";0
"cost";0
"converse";0
"congratulation";0
"careless";0
"board";0
"blow";0
"autumn";0
"weight";0
"virtue";0
"unexpected";0
"treatment";0
"travelling";0
"tenant";0
"temptation";0
"stir";0
"retire";0
"reception";0
"proportion";0
"privilege";0
"precede";0
"plainly";0
"persevere";0
"nervous";0
"necklace";0
"mod";0
"lodging";0
"land";0
"insensible";0
"impose";0
"heighten";0
"forbearance";0
"commendation";0
"cleveland";0
"article";0
"accomplishment";0
"abide";0
"wander";0
"unknown";0
"unjust";0
"total";0
"sweetness";0
"summon";0
"song";0
"solemn";0
"sincerity";0
"satisfactory";0
"rid";0
"pump";0
"previous";0
"page";0
"novelty";0
"mix";0
"midst";0
"knock";0
"faint";0
"embarrass";0
"doubtful";0
"disengage";0
"devonshire";0
"debt";0
"dead";0
"contempt";0
"campbells";0
"anticipate";0
"allowance";0
"agony";0
"absolute";0
"weak";0
"unlucky";0
"uncertain";0
"sufficiently";0
"station";0
"snow";0
"sixteen";0
"security";0
"recent";0
"principally";0
"precious";0
"overlook";0
"narrow";0
"modern";0
"jump";0
"jealous";0
"intelligible";0
"incapable";0
"imply";0
"hunsford";0
"heroine";0
"heir";0
"grandeur";0
"gentleness";0
"gallery";0
"finally";0
"exquisite";0
"essential";0
"errand";0
"distrust";0
"deficiency";0
"concert";0
"charade";0
"breathe";0
"behold";0
"attendance";0
"apple";0
"afternoon";0
"wine";0
"wet";0
"weakness";0
"sun";0
"suffering";0
"subdue";0
"strict";0
"staircase";0
"smart";0
"slowly";0
"similar";0
"serve";0
"resent";0
"refusal";0
"project";0
"practice";0
"pale";0
"lean";0
"key";0
"justly";0
"insist";0
"height";0
"hasty";0
"gratification";0
"governess";0
"fortitude";0
"explore";0
"exclamation";0
"exceed";0
"enquiry";0
"eligible";0
"dreadfully";0
"dozen";0
"dirty";0
"detail";0
"derbyshire";0
"county";0
"convenient";0
"concealment";0
"comfortably";0
"blunder";0
"birth";0
"barouche";0
"awake";0
"adopt";0
"accident";0
"widow";0
"upstairs";0
"throat";0
"sport";0
"speedily";0
"solitary";0
"soft";0
"shade";0
"ridiculous";0
"reverse";0
"resume";0
"restrain";0
"release";0
"regiment";0
"reckon";0
"parcel";0
"occasional";0
"momentary";0
"method";0
"hopeless";0
"guilt";0
"fool";0
"flutter";0
"fifteen";0
"exchange";0
"earnestness";0
"disinterest";0
"denial";0
"deliver";0
"defend";0
"contradict";0
"calmly";0
"anxiously";0
"amend";0
"alliance";0
"acknowledgment";0
"weary";0
"waste";0
"unequal";0
"unaffected";0
"torment";0
"thornton";0
"tete";0
"tendency";0
"surely";0
"stopt";0
"stage";0
"space";0
"south";0
"simplicity";0
"shoot";0
"sens";0
"screen";0
"reproof";0
"relative";0
"push";0
"punishment";0
"prudence";0
"precisely";0
"portion";0
"path";0
"musical";0
"modesty";0
"mischief";0
"materially";0
"mamma";0
"impropriety";0
"gentlemanlike";0
"flattery";0
"firm";0
"farm";0
"extend";0
"entitle";0
"eltons";0
"derive";0
"defer";0
"correspondence";0
"cordiality";0
"contribute";0
"collection";0
"coachman";0
"careful";0
"bell";0
"ay";0
"assemble";0
"allude";0
"ala";0
"affront";0
"actual";0
"woodston";0
"weymouth";0
"vast";0
"unkind";0
"tongue";0
"thin";0
"sum";0
"square";0
"sell";0
"sailor";0
"retain";0
"resign";0
"relationship";0
"recovery";0
"practise";0
"positively";0
"polite";0
"perplexity";0
"oppress";0
"necessarily";0
"motion";0
"moderate";0
"mixture";0
"leaf";0
"king";0
"irritation";0
"improper";0
"impertinent";0
"heat";0
"hazard";0
"harp";0
"gravely";0
"grand";0
"govern";0
"fever";0
"excessive";0
"examination";0
"double";0
"division";0
"disapprobation";0
"deficient";0
"curricle";0
"cruelty";0
"cordial";0
"continuance";0
"comprehension";0
"complaisance";0
"coach";0
"class";0
"bloom";0
"attract";0
"assert";0
"assent";0
"appeal";0
"apparently";0
"amazingly";0
"alacrity";0
"adieu";0
"uncommon";0
"today";0
"tilneys";0
"sympathy";0
"swell";0
"sweep";0
"slow";0
"september";0
"repetition";0
"readiness";0
"rapid";0
"prudent";0
"ornament";0
"occupation";0
"navy";0
"luckily";0
"lesson";0
"judgement";0
"insult";0
"inspire";0
"impute";0
"hawkins";0
"hat";0
"gravity";0
"glass";0
"gladly";0
"gift";0
"genius";0
"fold";0
"falsehood";0
"expedient";0
"excellence";0
"dream";0
"disdain";0
"decent";0
"counsel";0
"constantly";0
"constancy";0
"complacency";0
"cloud";0
"cheerfully";0
"chat";0
"capital";0
"bride";0
"blood";0
"banish";0
"awkwardness";0
"authorise";0
"assertion";0
"assembly";0
"acquiescence";0
"accuse";0
"abuse";0
"whist";0
"vow";0
"ungrateful";0
"unfit";0
"troublesome";0
"trace";0
"thrush";0
"threaten";0
"thoughtful";0
"suspend";0
"surmise";0
"substance";0
"stranger";0
"startle";0
"stable";0
"sermon";0
"reject";0
"refrain";0
"red";0
"plant";0
"plague";0
"perseverance";0
"north";0
"noisy";0
"neat";0
"muslin";0
"misunderstand";0
"mislead";0
"mild";0
"middletons";0
"meditate";0
"lawn";0
"lacey";0
"kiss";0
"injustice";0
"inevitable";0
"horrid";0
"holiday";0
"harbour";0
"gracious";0
"glory";0
"george";0
"genuine";0
"gallant";0
"formal";0
"flower";0
"february";0
"faith";0
"evening";0
"entertainment";0
"english";0
"effusion";0
"despise";0
"deprive";0
"defect";0
"date";0
"curtain";0
"confuse";0
"cautious";0
"bottom";0
"awaken";0
"apt";0
"alive";0
"absurd";0
"wound";0
"voluntary";0
"upper";0
"unwell";0
"unusual";0
"union";0
"uncommonly";0
"udolpho";0
"travelled";0
"topic";0
"ti";0
"suggestion";0
"stretch";0
"strengthen";0
"steadily";0
"speculation";0
"smooth";0
"slightly";0
"seventeen";0
"rude";0
"richmond";0
"pretence";0
"poverty";0
"persist";0
"permit";0
"owner";0
"norfolk";0
"nod";0
"mouth";0
"mode";0
"meadow";0
"listener";0
"limit";0
"liberality";0
"labour";0
"joyful";0
"interview";0
"interfere";0
"horrible";0
"harvilles";0
"harden";0
"ha";0
"goodwill";0
"gloom";0
"generosity";0
"flirt";0
"finger";0
"excess";0
"estimation";0
"estimate";0
"entire";0
"encounter";0
"eighteen";0
"easter";0
"dry";0
"downstairs";0
"discuss";0
"discontent";0
"disadvantage";0
"dirt";0
"dictate";0
"curious";0
"correct";0
"conference";0
"comply";0
"chapel";0
"cast";0
"caroline";0
"candle";0
"broad";0
"beneath";0
"awful";0
"art";0
"apologise";0
"amount";0
"allenham";0
"accidentally";0
"accent";0
"worldly";0
"willingly";0
"west";0
"welfare";0
"violence";0
"vicarage";0
"valley";0
"urgent";0
"thursday";0
"suitable";0
"stare";0
"st";0
"sober";0
"shape";0
"rob";0
"restless";0
"resource";0
"repose";0
"rehearsal";0
"rapidly";0
"rapidity";0
"quickness";0
"qualify";0
"purposely";0
"provision";0
"pretension";0
"preach";0
"openness";0
"numerous";0
"morton";0
"meeting";0
"meditation";0
"meal";0
"kitchen";0
"kingdom";0
"kill";0
"ireland";0
"instruction";0
"inducement";0
"hunt";0
"hughes";0
"housemaid";0
"horseback";0
"hardship";0
"handsomely";0
"guilty";0
"grey";0
"foundation";0
"ford";0
"extensive";0
"exact";0
"everingham";0
"enquire";0
"energy";0
"embrace";0
"elevate";0
"drawback";0
"doctor";0
"dismiss";0
"desperate";0
"depart";0
"delightfully";0
"deference";0
"decorum";0
"cover";0
"confession";0
"condemn";0
"coldness";0
"carefully";0
"brain";0
"bitter";0
"berkeley";0
"basket";0
"baronet";0
"ascend";0
"angel";0
"amendment";0
"allusion";0
"acquire";0
"abominable";0
"zeal";0
"weaken";0
"warrant";0
"war";0
"vulgar";0
"useless";0
"unpardonable";0
"unnatural";0
"unfeeling";0
"unaccountable";0
"storm";0
"spoil";0
"speedy";0
"sore";0
"sign";0
"shrink";0
"sharp";0
"scrupulous";0
"rush";0
"river";0
"ridicule";0
"reverie";0
"retreat";0
"renewal";0
"rebecca";0
"protection";0
"powerful";0
"plenty";0
"patient";0
"parade";0
"overhear";0
"original";0
"ordinary";0
"odious";0
"northamptonshire";0
"milsom";0
"list";0
"lieutenant";0
"julia_s";0
"irritate";0
"intelligent";0
"insufficient";0
"indebted";0
"inconvenient";0
"imaginary";0
"hide";0
"harley";0
"grant_s";0
"fruit";0
"fortunately";0
"field";0
"exeter";0
"economy";0
"earth";0
"coolly";0
"constitution";0
"comparatively";0
"combe";0
"civilly";0
"bold";0
"bind";0
"assume";0
"aspect";0
"apprehend";0
"appointment";0
"anhalt";0
"ancient";0
"amiss";0
"amelia";0
"agatha";0
"affectionately";0
"admirer";0
"additional";0
"activity";0
"writer";0
"unwillingness";0
"unhappiness";0
"treasure";0
"tranquil";0
"train";0
"trade";0
"top";0
"tiresome";0
"tie";0
"tidings";0
"thirteen";0
"thick";0
"talker";0
"suppress";0
"submission";0
"stone";0
"steadiness";0
"solicit";0
"solemnity";0
"ship";0
"shelter";0
"sadly";0
"respectability";0
"resolutely";0
"reluctance";0
"rehearse";0
"refreshment";0
"reference";0
"reconciliation";0
"quest";0
"pulteney";0
"prosperity";0
"prize";0
"pocket";0
"penetration";0
"pair";0
"moral";0
"misconduct";0
"merry";0
"mansion";0
"mad";0
"luxury";0
"lift";0
"liable";0
"june";0
"january";0
"irresistible";0
"integrity";0
"inferiority";0
"indisposition";0
"impossibility";0
"group";0
"gratefully";0
"gloomy";0
"glimpse";0
"gaze";0
"found";0
"forlorn";0
"fish";0
"famous";0
"familiar";0
"entail";0
"ensue";0
"ecstasy";0
"divert";0
"distinct";0
"dissatisfy";0
"disorder";0
"discharge";0
"dignify";0
"determination";0
"crawfords";0
"counteract";0
"contract";0
"consistent";0
"considerably";0
"conquest";0
"confident";0
"churchills";0
"charity";0
"chain";0
"butler";0
"breath";0
"bonnet";0
"blue";0
"bite";0
"awe";0
"avail";0
"arch";0
"ambition";0
"aim";0
"acute";0
"acceptance";0
"absurdity";0
"win";0
"variation";0
"upright";0
"unsuspicious";0
"traveller";0
"travel";0
"terrible";0
"tend";0
"suckle";0
"successful";0
"stout";0
"spoilt";0
"situate";0
"sickly";0
"shyness";0
"shy";0
"sheet";0
"search";0
"score";0
"roof";0
"retirement";0
"repent";0
"remonstrance";0
"regularly";0
"reduce";0
"reader";0
"presumption";0
"portrait";0
"permission";0
"outward";0
"nineteen";0
"mystery";0
"maria_s";0
"lucases";0
"linger";0
"lamp";0
"kent";0
"keen";0
"insensibility";0
"indies";0
"impulse";0
"impertinence";0
"hearty";0
"harmony";0
"graceful";0
"gently";0
"genteel";0
"gather";0
"fourth";0
"formidable";0
"fashionable";0
"farmer";0
"farewell";0
"faithful";0
"exultation";0
"extravagance";0
"eleven";0
"disposal";0
"disagreement";0
"descend";0
"dependent";0
"defy";0
"deem";0
"dearly";0
"damp";0
"count";0
"cottager";0
"correspondent";0
"confirmation";0
"confinement";0
"cobb";0
"coarse";0
"centre";0
"bitterness";0
"bench";0
"beat";0
"ample";0
"advisable";0
"adapt";0
"accommodate";0
"abundance";0
"ye";0
"vacant";0
"unreserve";0
"unluckily";0
"unfold";0
"tread";0
"thoughtless";0
"thorpes";0
"suffice";0
"stupidity";0
"speed";0
"sly";0
"skill";0
"shoulder";0
"shoe";0
"scatter";0
"sanction";0
"rough";0
"richard";0
"reside";0
"refresh";0
"rationally";0
"prosperous";0
"promotion";0
"prayer";0
"pour";0
"plymouth";0
"penance";0
"pang";0
"paint";0
"origin";0
"obstinate";0
"obey";0
"northampton";0
"nash";0
"mount";0
"moderation";0
"model";0
"mend";0
"liveliness";0
"lengthen";0
"larkins";0
"invalid";0
"intimately";0
"incumbent";0
"incessant";0
"humility";0
"hospitality";0
"honestly";0
"hedge";0
"headache";0
"guinea";0
"grievance";0
"gravel";0
"frightful";0
"fraser";0
"fourteen";0
"forever";0
"foretell";0
"floor";0
"finery";0
"exception";0
"ere";0
"ensure";0
"elopement";0
"educate";0
"dropt";0
"dissuade";0
"disperse";0
"disapprove";0
"differ";0
"detest";0
"detect";0
"despatch";0
"defence";0
"decisive";0
"dart";0
"croft_s";0
"cox";0
"cook";0
"condescend";0
"comprise";0
"compassionate";0
"coffee";0
"clifton";0
"castle";0
"captivate";0
"bury";0
"brilliant";0
"brighten";0
"branch";0
"border";0
"blessing";0
"bitterly";0
"bewitch";0
"bewilder";0
"benevolence";0
"avenue";0
"attentively";0
"associate";0
"withhold";0
"unkindness";0
"ungracious";0
"ungenerous";0
"unfavourable";0
"unexceptionable";0
"uncertainty";0
"swallow";0
"survey";0
"supposition";0
"sparkle";0
"somersetshire";0
"skin";0
"sketch";0
"silently";0
"shire";0
"shift";0
"shawl";0
"shadow";0
"rival";0
"repress";0
"repair";0
"regulate";0
"range";0
"pure";0
"profit";0
"prior";0
"pork";0
"politely";0
"playful";0
"plantation";0
"perpetual";0
"patty";0
"overtake";0
"omit";0
"october";0
"occurrence";0
"negative";0
"monstrous";0
"mill";0
"michaelmas";0
"mare";0
"management";0
"louisa_s";0
"knife";0
"issue";0
"interpose";0
"intently";0
"inherit";0
"ingenuity";0
"infinite";0
"inevitably";0
"indispose";0
"inconstancy";0
"idleness";0
"hero";0
"grievous";0
"grandmother";0
"gold";0
"georgiana";0
"generation";0
"freedom";0
"frame";0
"footstep";0
"fondness";0
"flight";0
"firmness";0
"firmly";0
"extravagant";0
"expressive";0
"err";0
"diffidence";0
"depress";0
"denote";0
"denny";0
"custom";0
"creditable";0
"cordially";0
"contemplation";0
"contemplate";0
"consultation";0
"considerate";0
"confide";0
"cherish";0
"cheer";0
"carteret";0
"calculation";0
"cake";0
"blindness";0
"billiard";0
"author";0
"attendant";0
"apprehensive";0
"appoint";0
"anticipation";0
"amidst";0
"allowable";0
"afflict";0
"advantageous";0
"adjoin";0
"ache";0
"abruptly";0
"winthrop";0
"wide";0
"westons";0
"violently";0
"vice";0
"utility";0
"usefulness";0
"usage";0
"unsettle";0
"universally";0
"unconsciously";0
"unconnected";0
"tax";0
"subsequent";0
"stream";0
"steward";0
"steal";0
"sorrowful";0
"solid";0
"solicitous";0
"sole";0
"social";0
"sin";0
"shirley";0
"severely";0
"scotland";0
"sam";0
"roll";0
"ribbon";0
"resolute";0
"reality";0
"ramble";0
"pull";0
"proclaim";0
"preside";0
"plea";0
"pitiful";0
"pitiable";0
"phrase";0
"perusal";0
"penetrate";0
"originally";0
"nursery";0
"negligent";0
"needless";0
"mourn";0
"meat";0
"maternal";0
"magna";0
"likelihood";0
"leg";0
"lecture";0
"la";0
"knoll";0
"judicious";0
"joyfully";0
"invent";0
"invariably";0
"intent";0
"insolent";0
"inhabit";0
"inflict";0
"infer";0
"indulgent";0
"inconsistency";0
"improbable";0
"humanity";0
"helpless";0
"gross";0
"grandmama";0
"gig";0
"fright";0
"friday";0
"french";0
"flirtation";0
"exclude";0
"enemy";0
"ecclesford";0
"earn";0
"dupe";0
"disregard";0
"dispatch";0
"disinclination";0
"dish";0
"discompose";0
"discernment";0
"diffuse";0
"destiny";0
"dash";0
"curate";0
"copy";0
"contrivance";0
"consist";0
"composedly";0
"compliance";0
"commend";0
"coat";0
"closet";0
"chusing";0
"carelessly";0
"candour";0
"cabinet";0
"brunswick";0
"brown";0
"bristol";0
"breach";0
"bias";0
"behalf";0
"beau";0
"barely";0
"ballroom";0
"bake";0
"baby";0
"avert";0
"asleep";0
"april";0
"alloy";0
"aid";0
"agreement";0
"adventure";0
"acquisition";0
"accidental";0
"abhorrence";0
"worry";0
"withstand";0
"wingfield";0
"wimpole";0
"willingness";0
"wilderness";0
"visible";0
"vastly";0
"usher";0
"unwillingly";0
"unexpectedly";0
"trivial";0
"tribute";0
"torture";0
"thoughtfulness";0
"theatrical";0
"thankfully";0
"system";0
"suspicious";0
"surpass";0
"sufferer";0
"subsist";0
"strive";0
"strawberry";0
"strain";0
"stoop";0
"spacious";0
"solely";0
"smallridge";0
"slave";0
"sky";0
"simpleton";0
"silver";0
"significant";0
"shine";0
"rightly";0
"reynolds";0
"resemble";0
"repine";0
"rend";0
"rely";0
"regain";0
"refinement";0
"recently";0
"rant";0
"quarrelling";0
"propensity";0
"presentation";0
"ponder";0
"poetry";0
"plead";0
"playfulness";0
"player";0
"picturesque";0
"perturbation";0
"performer";0
"pattern";0
"patroness";0
"particularity";0
"overthrow";0
"originate";0
"operation";0
"officious";0
"observance";0
"objectionable";0
"number";0
"neck";0
"mirth";0
"mental";0
"march";0
"lower";0
"lend";0
"languor";0
"languid";0
"lambton";0
"lace";0
"joint";0
"iron";0
"intrusion";0
"insolence";0
"insipid";0
"innocence";0
"injunction";0
"inhabitant";0
"indolent";0
"incomprehensible";0
"inattention";0
"impatiently";0
"image";0
"hunter";0
"humiliation";0
"honesty";0
"heroism";0
"harris";0
"gentility";0
"frost";0
"forgiveness";0
"forbear";0
"fidget";0
"fame";0
"expensive";0
"enforce";0
"endless";0
"dog";0
"dockyard";0
"dispute";0
"devil";0
"detach";0
"dejection";0
"deception";0
"debate";0
"darling";0
"critical";0
"courtesy";0
"consequent";0
"condescension";0
"concurrence";0
"comparative";0
"christian";0
"chest";0
"cheap";0
"caprice";0
"canvass";0
"butch";0
"burn";0
"bread";0
"borrow";0
"bond";0
"blameless";0
"bill";0
"benevolent";0
"beaux";0
"baron";0
"bank";0
"artless";0
"argue";0
"ardour";0
"appetite";0
"wont";0
"wick";0
"whim";0
"warn";0
"waiter";0
"vivacity";0
"vestibule";0
"unseen";0
"unpretending";0
"universal";0
"unguarded";0
"undervalue";0
"unconscious";0
"unconcerned";0
"unconcern";0
"trunk";0
"tolerate";0
"testimony";0
"temple";0
"sussex";0
"surry";0
"supplication";0
"stuff";0
"store";0
"stock";0
"steep";0
"stamp";0
"stake";0
"spithead";0
"spectacle";0
"specimen";0
"soup";0
"soldier";0
"snug";0
"slip";0
"sleepless";0
"sickness";0
"shed";0
"shakespeare";0
"series";0
"selina";0
"select";0
"secretly";0
"satin";0
"rubber";0
"rose";0
"romantic";0
"romance";0
"revenge";0
"retract";0
"requisite";0
"refer";0
"recital";0
"receipt";0
"rapturous";0
"quicken";0
"queen";0
"purse";0
"punctual";0
"prodigious";0
"privation";0
"prime";0
"prettily";0
"preferment";0
"poultry";0
"polish";0
"plaister";0
"pitch";0
"pin";0
"pheasant";0
"phaeton";0
"perverseness";0
"perception";0
"pack";0
"obstacle";0
"observer";0
"oak";0
"murmur";0
"movement";0
"mildness";0
"mercy";0
"matrimonial";0
"madness";0
"linen";0
"lee";0
"lawyer";0
"laura";0
"journal";0
"jenkinson";0
"irish";0
"insufferable";0
"innocent";0
"ingratitude";0
"infatuation";0
"indispensable";0
"incredible";0
"inch";0
"impress";0
"impartial";0
"impart";0
"household";0
"hesitatingly";0
"harry";0
"handwrite";0
"halloo";0
"gruel";0
"groom";0
"gracechurch";0
"glove";0
"glee";0
"gardener";0
"fun";0
"fulfil";0
"freely";0
"formality";0
"forfeit";0
"food";0
"fondly";0
"feverish";0
"fervent";0
"feelingly";0
"fearless";0
"faultless";0
"fasten";0
"failure";0
"exhaust";0
"environ";0
"enthusiasm";0
"endear";0
"empty";0
"eloquence";0
"egg";0
"drawing";0
"drawer";0
"draught";0
"distinctly";0
"dispense";0
"disparity";0
"disgraceful";0
"disclaim";0
"dick";0
"devotion";0
"detection";0
"degrade";0
"defiance";0
"decease";0
"dawdle";0
"dancer";0
"curacy";0
"crime";0
"creep";0
"coxcomb";0
"courteous";0
"contentment";0
"contend";0
"communicative";0
"commit";0
"closely";0
"china";0
"celebrate";0
"ceaseless";0
"carpet";0
"briefly";0
"bosom";0
"boil";0
"befall";0
"august";0
"attractive";0
"attitude";0
"attain";0
"atone";0
"astray";0
"association";0
"artificial";0
"appease";0
"antigua";0
"allens";0
"agreeably";0
"affluence";0
"affectation";0
"accusation";0
"yorkshire";0
"yearly";0
"wretchedly";0
"wisely";0
"wholesome";0
"weariness";0
"waver";0
"walker";0
"vulgarity";0
"vexatious";0
"vent";0
"unreserved";0
"uniform";0
"uncivil";0
"unceasing";0
"umbrella";0
"ugly";0
"triumphant";0
"trim";0
"transport";0
"tour";0
"timber";0
"thoughtlessness";0
"tenderly";0
"supplant";0
"sunshine";0
"succession";0
"stroll";0
"straight";0
"statement";0
"sportsman";0
"sob";0
"smallness";0
"shan";0
"shameful";0
"serviceable";0
"sensibly";0
"seclusion";0
"scrape";0
"sarah";0
"salutation";0
"rumour";0
"route";0
"revolt";0
"review";0
"revert";0
"reveal";0
"respectful";0
"resident";0
"resentful";0
"reprobate";0
"repay";0
"remiss";0
"remainder";0
"relent";0
"reign";0
"recur";0
"rampart";0
"race";0
"quiz";0
"quantity";0
"puppy";0
"punctually";0
"provocation";0
"protect";0
"prose";0
"proprietor";0
"prohibit";0
"proceeding";0
"privy";0
"privacy";0
"practicable";0
"phoo";0
"personally";0
"pencil";0
"pavement";0
"partly";0
"parliament";0
"painter";0
"outlive";0
"offensive";0
"nicely";0
"net";0
"naval";0
"nation";0
"mutton";0
"muse";0
"motionless";0
"monkford";0
"militia";0
"merriment";0
"mercenary";0
"member";0
"marlborough";0
"manuscript";0
"maintenance";0
"magnificent";0
"longstaple";0
"lobby";0
"lamentation";0
"lake";0
"laconia";0
"kingston";0
"keenly";0
"italian";0
"involuntarily";0
"invention";0
"intermission";0
"injurious";0
"infancy";0
"indubitable";0
"individual";0
"indignant";0
"inconsiderable";0
"inconceivable";0
"incommode";0
"inattentive";0
"impudence";0
"improperly";0
"imperfection";0
"ii";0
"hush";0
"housekeep";0
"honourably";0
"henrietta_s";0
"handkerchief";0
"guidance";0
"graciously";0
"gossip";0
"gipsy";0
"gentlewoman";0
"gaily";0
"friendliness";0
"fret";0
"freshness";0
"frankness";0
"forego";0
"forcibly";0
"footman";0
"final";0
"favourably";0
"faulty";0
"fare";0
"familiarity";0
"expediency";0
"exhibition";0
"execution";0
"excursion";0
"enclose";0
"edge";0
"edgar";0
"dote";0
"discreet";0
"disappear";0
"dialogue";0
"destine";0
"desponding";0
"curtsey";0
"cow";0
"cough";0
"constrain";0
"conquer";0
"conjugal";0
"confidential";0
"confer";0
"composition";0
"completion";0
"comedy";0
"cloak";0
"clean";0
"cheat";0
"charmingly";0
"chapman";0
"ceremonious";0
"cart";0
"cap";0
"candid";0
"brilliancy";0
"bound";0
"boot";0
"boat";0
"blank";0
"bespeak";0
"augment";0
"atonement";0
"asunder";0
"army";0
"ardent";0
"apothecary";0
"annuity";0
"animal";0
"amply";0
"alternative";0
"agreeableness";0
"affability";0
"admirable";0
"administer";0
"acutely";0
"accustom";0
"abhor";0
"youthful";0
"yellow";0
"witty";0
"wisdom";0
"wink";0
"williams";0
"wilful";0
"widely";0
"westgate";0
"weigh";0
"wealthy";0
"wash";0
"ward";0
"vouchsafe";0
"vindication";0
"vicinity";0
"vanish";0
"urgency";0
"untoward";0
"unsuitable";0
"unsteady";0
"unreasonably";0
"unquestionably";0
"unnoticed";0
"unlooked";0
"unjustifiable";0
"unintelligible";0
"unfairly";0
"undo";0
"undergo";0
"tumble";0
"transaction";0
"tragedy";0
"tooth";0
"toil";0
"testify";0
"temporary";0
"tedious";0
"survive";0
"surgeon";0
"superintend";0
"suddenness";0
"successively";0
"subside";0
"stroke";0
"string";0
"strikingly";0
"stoke";0
"splendour";0
"solicitation";0
"solemnly";0
"sneer";0
"slumber";0
"sisterly";0
"simply";0
"similarity";0
"shorten";0
"shore";0
"shilling";0
"severity";0
"serenity";0
"seemingly";0
"scream";0
"scorn";0
"scandalous";0
"saucy";0
"sash";0
"salt";0
"sally";0
"sagacity";0
"rub";0
"row";0
"rooke";0
"rock";0
"robinson";0
"robert_s";0
"rivet";0
"riddle";0
"respective";0
"resistance";0
"repulsive";0
"remedy";0
"reluctant";0
"relinquish";0
"rejoin";0
"refine";0
"reappear";0
"ravenshaw";0
"raillery";0
"quarrelled";0
"qualification";0
"purity";0
"pulse";0
"pug";0
"protestation";0
"productive";0
"print";0
"premise";0
"preacher";0
"pre";0
"pratt";0
"position";0
"pony";0
"politics";0
"pointedly";0
"pleasantness";0
"plate";0
"physician";0
"philosophy";0
"perpetually";0
"patronage";0
"parental";0
"paragraph";0
"ordain";0
"observant";0
"noon";0
"nonsensical";0
"night_s";0
"negligence";0
"native";0
"nancy";0
"mysterious";0
"miserably";0
"misapprehension";0
"miniature";0
"messenger";0
"mantelpiece";0
"maddox";0
"loveliness";0
"level";0
"landau";0
"knightleys";0
"knee";0
"justification";0
"july";0
"joyous";0
"irritable";0
"irksome";0
"involuntary";0
"invariable";0
"intrude";0
"instinctively";0
"instantaneous";0
"insignificant";0
"insignificance";0
"inequality";0
"indecision";0
"incompatible";0
"incivility";0
"impudent";0
"impediment";0
"hysteric";0
"hodges";0
"hire";0
"hereabouts";0
"healthy";0
"gun";0
"guardian";0
"growth";0
"greatness";0
"greatcoat";0
"gray";0
"gradation";0
"graciousness";0
"government";0
"glare";0
"gilbert";0
"foresight";0
"feed";0
"fastidious";0
"fag";0
"fade";0
"extremity";0
"expressly";0
"evidence";0
"everyday";0
"esq";0
"equality";0
"endanger";0
"eloquent";0
"eligibility";0
"elevation";0
"effectually";0
"echo";0
"dowager";0
"doubly";0
"dorsetshire";0
"doom";0
"disturbance";0
"distract";0
"dissipate";0
"discredit";0
"disagree";0
"dimension";0
"destination";0
"deplore";0
"demure";0
"deliberation";0
"deject";0
"degradation";0
"deed";0
"curl";0
"cunning";0
"cruelly";0
"cowper";0
"coolness";0
"contradiction";0
"contemptible";0
"confound";0
"confidante";0
"conduit";0
"condemnation";0
"concession";0
"compromise";0
"commonplace";0
"club";0
"chuses";0
"cheese";0
"charitable";0
"channel";0
"carpenter";0
"carelessness";0
"bragge";0
"basin";0
"austen";0
"audience";0
"attic";0
"archly";0
"apologize";0
"ankle";0
"anecdote";0
"anderson";0
"aggravation";0
"affectedly";0
"advocate";0
"acre";0
"accession";0
"abominably";0
"yawn";0
"wrapt";0
"worthless";0
"wonderfully";0
"windsor";0
"wickedness";0
"whomsoever";0
"whitwell";0
"watchfulness";0
"vouch";0
"vision";0
"vigour";0
"verse";0
"veil";0
"vault";0
"uppermost";0
"unqualified";0
"unnecessarily";0
"unmanageable";0
"unlock";0
"uniformly";0
"unattended";0
"unanswerable";0
"twist";0
"turkey";0
"transient";0
"timidity";0
"taunton";0
"sympathetic";0
"successfully";0
"strictly";0
"stoutly";0
"stocking";0
"spurn";0
"specie";0
"speaker";0
"sophy";0
"slope";0
"sloop";0
"singular";0
"simper";0
"significantly";0
"shortness";0
"shabby";0
"servant_s";0
"secondary";0
"seal";0
"scholar";0
"saunter";0
"sameness";0
"sail";0
"sadness";0
"rushworths";0
"rudeness";0
"roast";0
"retrench";0
"restriction";0
"resignation";0
"reputation";0
"relish";0
"reliance";0
"regulation";0
"regularity";0
"recurrence";0
"rebecca_s";0
"reasoning";0
"ray";0
"rattle";0
"rare";0
"rage";0
"queer";0
"purport";0
"punish";0
"publish";0
"publication";0
"proudly";0
"proposition";0
"profusion";0
"privately";0
"prison";0
"prepossession";0
"prepossess";0
"precaution";0
"port";0
"popularity";0
"pope";0
"poorly";0
"poet";0
"placid";0
"philosophic";0
"petticoat";0
"perceptible";0
"patron";0
"partially";0
"overspread";0
"overflow";0
"outweigh";0
"ordination";0
"orchard";0
"offense";0
"obviate";0
"oath";0
"needlework";0
"needful";0
"neatness";0
"narrowly";0
"narrative";0
"narration";0
"murder";0
"morlands";0
"morality";0
"moonlight";0
"mingle";0
"midshipman";0
"market";0
"manoeuvre";0
"manly";0
"manager";0
"main";0
"loiter";0
"lofty";0
"livery";0
"littleness";0
"literary";0
"limb";0
"lightly";0
"lighten";0
"liberally";0
"laughter";0
"laughingly";0
"landscape";0
"kneel";0
"kick";0
"jones";0
"job";0
"jackson";0
"invaluable";0
"intolerable";0
"instruct";0
"instinctive";0
"inspection";0
"insipidity";0
"insinuate";0
"ingenious";0
"infection";0
"infamy";0
"infamous";0
"indolence";0
"indignity";0
"incur";0
"immovable";0
"imaginable";0
"hysterical";0
"humph";0
"hotel";0
"hospitable";0
"heretofore";0
"hearer";0
"heal";0
"headstrong";0
"haunt";0
"harmless";0
"handle";0
"hackney";0
"guardianship";0
"grossly";0
"gradual";0
"gouty";0
"gardiners";0
"fuss";0
"frasers";0
"forestall";0
"forest";0
"foreign";0
"fight";0
"feminine";0
"fearfully";0
"fat";0
"falter";0
"extort";0
"extinguish";0
"expressively";0
"exhibit";0
"eventually";0
"estimable";0
"escort";0
"equipage";0
"equalled";0
"enumerate";0
"enliven";0
"enlighten";0
"encumbrance";0
"emphasis";0
"embellishment";0
"elliots";0
"elderly";0
"eclat";0
"duration";0
"duly";0
"doubtless";0
"doubtingly";0
"dissimilar";0
"disrespect";0
"discourage";0
"disconcert";0
"disclosure";0
"diligence";0
"diffident";0
"devise";0
"development";0
"destruction";0
"descent";0
"deplorable";0
"deliberately";0
"define";0
"deceitful";0
"deaf";0
"darkness";0
"crescent";0
"creation";0
"courtship";0
"cotton";0
"correspond";0
"corp";0
"convert";0
"control";0
"contemptuous";0
"construction";0
"conscientious";0
"compatible";0
"comment";0
"cling";0
"climate";0
"clerk";0
"clergy";0
"chimney";0
"carve";0
"capacity";0
"capability";0
"butter";0
"busily";0
"brow";0
"breathless";0
"breast";0
"bottle";0
"bone";0
"boldly";0
"blockhead";0
"blaize";0
"bedroom";0
"beautifully";0
"beam";0
"bartlett_s";0
"bargain";0
"await";0
"avowal";0
"avarice";0
"augusta";0
"audible";0
"attorney";0
"assistant";0
"aspire";0
"asp";0
"artful";0
"answerable";0
"anguish";0
"anew";0
"andrews";0
"amid";0
"alleviation";0
"alertness";0
"adviser";0
"adorn";0
"admirably";0
"actor";0
"accustomary";0
"zealous";0
"york";0
"woody";0
"woe";0
"wisher";0
"wipe";0
"widower";0
"weep";0
"watchful";0
"wake";0
"waistcoat";0
"visibly";0
"viscountess";0
"vigorous";0
"verdure";0
"vague";0
"unwholesome";0
"untouched";0
"unsuspected";0
"unsafe";0
"unprincipled";0
"unprepared";0
"unheard";0
"unhappily";0
"unfounded";0
"unfair";0
"unemployed";0
"undisturbed";0
"undecided";0
"undeceive";0
"unconquerable";0
"unbecoming";0
"unavoidable";0
"tune";0
"tumult";0
"triumphantly";0
"treachery";0
"tray";0
"transition";0
"transfer";0
"toothpick";0
"tonight";0
"token";0
"title";0
"timid";0
"threat";0
"threadbare";0
"test";0
"terrace";0
"tempest";0
"teacher";0
"tart";0
"talkative";0
"tale";0
"swear";0
"suspension";0
"supersede";0
"summit";0
"substitute";0
"substantial";0
"submissive";0
"subjection";0
"stubborn";0
"stornaway";0
"stile";0
"starve";0
"standard";0
"spruce";0
"spontaneous";0
"splendid";0
"spiritless";0
"sphere";0
"sophia";0
"softness";0
"sneyd";0
"smoke";0
"slightingly";0
"sixty";0
"shutter";0
"shrub";0
"seizure";0
"scramble";0
"scissor";0
"schoolfellow";0
"scarlet";0
"rupture";0
"riot";0
"richly";0
"revival";0
"resort";0
"repulse";0
"repton";0
"reprove";0
"reprehensible";0
"repentance";0
"remorse";0
"relapse";0
"rejection";0
"rap";0
"rally";0
"radcliffe";0
"quiver";0
"quietness";0
"quadrille";0
"punctuality";0
"prodigiously";0
"process";0
"presentiment";0
"preparatory";0
"preferable";0
"predict";0
"posture";0
"pointer";0
"poignant";0
"plunge";0
"pink";0
"perverse";0
"pert";0
"perplex";0
"permanently";0
"permanent";0
"pecuniary";0
"peculiarity";0
"payment";0
"participation";0
"partake";0
"pardonable";0
"owens";0
"otway";0
"ostler";0
"oppression";0
"operate";0
"olive";0
"obstinacy";0
"nut";0
"nowadays";0
"nicety";0
"newly";0
"needle";0
"mutually";0
"musing";0
"mountain";0
"mortal";0
"minutia";0
"minutely";0
"million";0
"midsummer";0
"mediterranean";0
"medicine";0
"meanness";0
"maxim";0
"marri";0
"malice";0
"luxurious";0
"lounge";0
"loudly";0
"local";0
"liquor";0
"lid";0
"legal";0
"legacy";0
"lavender";0
"lap";0
"lansdown";0
"landlord";0
"jest";0
"irresolute";0
"irrational";0
"investigation";0
"inure";0
"intimation";0
"interchange";0
"intentionally";0
"intellectual";0
"instantaneously";0
"insinuation";0
"insincere";0
"inmate";0
"inimitable";0
"inexpressibly";0
"inexcusable";0
"indignantly";0
"indescribable";0
"independently";0
"indelicacy";0
"incredulity";0
"inconstant";0
"incessantly";0
"inadequate";0
"imperfectly";0
"imperfect";0
"impel";0
"impartiality";0
"immense";0
"imitation";0
"illiterate";0
"illiberal";0
"hyacinth";0
"humouredly";0
"hum";0
"hue";0
"hourly";0
"hindrance";0
"heroic";0
"heedless";0
"heavily";0
"heavenly";0
"heartfelt";0
"hayters";0
"habitual";0
"habitation";0
"grudge";0
"grievously";0
"gout";0
"goose";0
"gloucestershire";0
"generality";0
"fruitless";0
"frivolous";0
"freeze";0
"fraternal";0
"france";0
"forebode";0
"flush";0
"flourish";0
"fireside";0
"fireplace";0
"feebleness";0
"fee";0
"fanciful";0
"fan";0
"faithfully";0
"exult";0
"extract";0
"extenuation";0
"exposure";0
"explicit";0
"expeditiously";0
"excusable";0
"enhance";0
"endurance";0
"endow";0
"encroach";0
"elope";0
"elegancies";0
"elbow";0
"ejaculation";0
"efficacy";0
"edition";0
"dutiful";0
"dust";0
"duet";0
"downright";0
"donavan";0
"doctrine";0
"divine";0
"dissipation";0
"dissent";0
"disrespectfully";0
"disrespectful";0
"dispel";0
"dismay";0
"disinterestedness";0
"disincline";0
"disclose";0
"dint";0
"diminution";0
"device";0
"detestable";0
"despondence";0
"delusion";0
"delicious";0
"deliberate";0
"definition";0
"decency";0
"december";0
"decay";0
"dawlish";0
"curse";0
"copse";0
"conveniently";0
"contrition";0
"consternation";0
"condolence";0
"concise";0
"conciliate";0
"conception";0
"comprehensive";0
"compound";0
"complimentary";0
"competence";0
"commonly";0
"comic";0
"comfortless";0
"combat";0
"coldly";0
"cliff";0
"clearness";0
"city";0
"circulate";0
"chicken";0
"chatty";0
"chatter";0
"characteristic";0
"chaplain";0
"cell";0
"cautiously";0
"cassel";0
"casement";0
"caress";0
"career";0
"cape";0
"bridge";0
"breeze";0
"brave";0
"bowl";0
"boarder";0
"bird";0
"bingleys";0
"belle";0
"behindhand";0
"bearer";0
"bateses";0
"basis";0
"barbarous";0
"baddeley";0
"backgammon";0
"avow";0
"augur";0
"assiduous";0
"arrogance";0
"apricot";0
"angrily";0
"ambitious";0
"altar";0
"alphabet";0
"ally";0
"alienate";0
"affirmative";0
"advertise";0
"advancement";0
"addict";0
"acuteness";0
"acquirement";0
"accost";0
"accede";0
"abundantly";0
"abruptness";0
"abrupt";0
"younge";0
"wright";0
"wrap";0
"willed";0
"wilfully";0
"whilst";0
"whichever";0
"westminster";0
"western";0
"weekly";0
"warehouse";0
"waive";0
"wainscot";0
"volubility";0
"void";0
"violation";0
"villain";0
"vile";0
"vigorously";0
"victory";0
"veracity";0
"velvet";0
"vehemence";0
"vacancy";0
"upstart";0
"unwearied";0
"unvarying";0
"unused";0
"unthought";0
"unsuccessfully";0
"unpleasing";0
"unpleasantness";0
"unpersuadable";0
"unmerited";0
"unknowingly";0
"unimportant";0
"unfriendly";0
"unfrequently";0
"unfix";0
"unfelt";0
"unfeigned";0
"unfeelingly";0
"unembarrassed";0
"undoubted";0
"undesirable";0
"undeserving";0
"undervoice";0
"unchanged";0
"unbroken";0
"unanimous";0
"unalloyed";0
"unabated";0
"tyranny";0
"twilight";0
"twickenham";0
"tunbridge";0
"trespass";0
"tremulous";0
"tranquillised";0
"tragic";0
"tradesman";0
"toilette";0
"tidy";0
"tide";0
"ticket";0
"thrive";0
"thrill";0
"thread";0
"thoughtfully";0
"tete_";0
"terrific";0
"termination";0
"tediousness";0
"task";0
"tapestry";0
"tap";0
"tame";0
"sympathise";0
"swisserland";0
"swiftly";0
"sustain";0
"superadded";0
"suitableness";0
"sturdy";0
"studiously";0
"strangely";0
"stormy";0
"sting";0
"stick";0
"stept";0
"stately";0
"star";0
"stain";0
"stagger";0
"squire";0
"squeeze";0
"spell";0
"speechless";0
"speck";0
"sour";0
"sonnet";0
"soliloquy";0
"solace";0
"soil";0
"smoothness";0
"smirk";0
"smell";0
"slice";0
"sleeve";0
"skeleton";0
"silk";0
"shudder";0
"shrug";0
"shower";0
"shill";0
"shelf";0
"shamefully";0
"seventy";0
"settlement";0
"seriousness";0
"sequel";0
"separately";0
"seclude";0
"se";0
"scratch";0
"scott";0
"scenery";0
"scarce";0
"scanty";0
"scale";0
"satisfactorily";0
"salisbury";0
"sadden";0
"root";0
"richardson";0
"revolve";0
"revolution";0
"retort";0
"restorative";0
"restoration";0
"restlessness";0
"respectably";0
"rescue";0
"repute";0
"reprimand";0
"rent";0
"rencontre";0
"remote";0
"reluctantly";0
"rein";0
"reform";0
"reduction";0
"redden";0
"rector";0
"recourse";0
"recommence";0
"realised";0
"rave";0
"rarely";0
"ramsgate";0
"rack";0
"quotation";0
"quarrelsome";0
"quadrangle";0
"purple";0
"publicly";0
"publicity";0
"providence";0
"proverb";0
"prone";0
"prominent";0
"profile";0
"professedly";0
"production";0
"prey";0
"prescribe";0
"premature";0
"preclude";0
"precision";0
"precise";0
"precipitate";0
"precedence";0
"pratt_s";0
"postscript";0
"possessor";0
"pore";0
"popular";0
"pool";0
"pompous";0
"pledge";0
"pleasantry";0
"pique";0
"pew";0
"petty";0
"petition";0
"personage";0
"pensive";0
"penny";0
"pelisse";0
"pearl";0
"paternal";0
"patch";0
"passionately";0
"partridge";0
"parson";0
"paltry";0
"palpably";0
"paleness";0
"painfully";0
"overture";0
"overbear";0
"outwardly";0
"outstrip";0
"oneself";0
"omission";0
"offspring";0
"octagon";0
"obtrude";0
"obscurity";0
"nothingness";0
"northward";0
"northern";0
"nominally";0
"nominal";0
"nobly";0
"nobility";0
"newcastle";0
"nanny";0
"nameless";0
"naivete";0
"multiply";0
"motherly";0
"moor";0
"mood";0
"monument";0
"monarch";0
"modestly";0
"moderately";0
"mob";0
"misunderstanding";0
"mischievous";0
"mischance";0
"mirror";0
"minuteness";0
"military";0
"mighty";0
"midnight";0
"methodical";0
"merciful";0
"memento";0
"medium";0
"mechanically";0
"measles";0
"meanly";0
"manor";0
"mankind";0
"mahogany";0
"lowness";0
"lowly";0
"looker";0
"loin";0
"lit";0
"lieu";0
"licence";0
"lewis";0
"leant";0
"lazy";0
"laurel";0
"knit";0
"knight";0
"kindle";0
"junior";0
"judiciously";0
"jewel";0
"island";0
"irremediable";0
"investigate";0
"intruder";0
"internally";0
"intermediate";0
"intellect";0
"insupportable";0
"insight";0
"insidious";0
"inquietude";0
"innumerable";0
"innocently";0
"injudicious";0
"infirm";0
"infant";0
"individually";0
"indisputable";0
"indefinite";0
"indefatigable";0
"inconsistent";0
"improver";0
"imprisonment";0
"import";0
"impetuous";0
"impassable";0
"imitate";0
"imbibe";0
"hungry";0
"hundredth";0
"humiliate";0
"hopeful";0
"hollow";0
"hoarse";0
"hit";0
"historian";0
"heyday";0
"henceforward";0
"henceforth";0
"haughty";0
"hatred";0
"hart";0
"harshly";0
"harsh";0
"harass";0
"hamilton";0
"gust";0
"grate";0
"grandfather";0
"gothic";0
"gibraltar";0
"generously";0
"gape";0
"frown";0
"fretfulness";0
"foul";0
"fortnight_s";0
"forgetfulness";0
"footpath";0
"foolishly";0
"flavour";0
"fidelity";0
"fetter";0
"feign";0
"feeble";0
"feather";0
"fatal";0
"farmyard";0
"familiarly";0
"exterior";0
"extension";0
"expire";0
"execute";0
"exclusively";0
"evince";0
"evergreen";0
"etiquette";0
"eternal";0
"essay";0
"equivalent";0
"equip";0
"envelope";0
"entangle";0
"enlargement";0
"enlarge";0
"endowment";0
"enclosure";0
"eminence";0
"emily";0
"elegantly";0
"elate";0
"elapse";0
"edifice";0
"durable";0
"duplicity";0
"dullness";0
"drown";0
"drift";0
"dorothy";0
"donkey";0
"diversion";0
"dissolve";0
"disservice";0
"dissatisfaction";0
"disquiet";0
"disoblige";0
"dismissal";0
"discrimination";0
"discouragement";0
"discomposure";0
"disappearance";0
"dim";0
"dessert";0
"desperation";0
"desperately";0
"desk";0
"desirableness";0
"deservedly";0
"descry";0
"depression";0
"deprecate";0
"deposit";0
"defective";0
"dealing";0
"deaden";0
"dalrymples";0
"curtsy";0
"curtail";0
"crisis";0
"creditor";0
"cream";0
"crayon";0
"cramp";0
"counsellor";0
"corroborate";0
"conundrum";0
"contraction";0
"consume";0
"consistency";0
"conformity";0
"conform";0
"confidant";0
"complacently";0
"competition";0
"competent";0
"commodious";0
"commander";0
"combine";0
"collectedly";0
"coincide";0
"cluster";0
"clapham";0
"circumspection";0
"circuit";0
"chill";0
"childhood";0
"cheerless";0
"chaperon";0
"carter";0
"careys";0
"candlelight";0
"camp";0
"buzz";0
"brisk";0
"brightness";0
"bodily";0
"blunt";0
"blot";0
"blast";0
"bilious";0
"betty";0
"bequeath";0
"befriend";0
"beer";0
"baronetcy";0
"bare";0
"bar";0
"baldwin";0
"backwards";0
"bachelor";0
"aversion";0
"atmosphere";0
"astley";0
"ashore";0
"antwerp";0
"annihilation";0
"analogy";0
"alternately";0
"alight";0
"alert";0
"airy";0
"ailment";0
"aghast";0
"affable";0
"admittance";0
"admission";0
"adhere";0
"acquiesce";0
"achieve";0
"accurately";0
"accordant";0
"accord";0
"abstraction";0
"abstain";0
"abominate";0
"abatement";0
"_tete";0
"yew";0
"yarmouth";0
"wrought";0
"wretch";0
"worship";0
"workman";0
"woodhouses";0
"womanly";0
"wing";0
"wiltshire";0
"willoughbys";0
"wildly";0
"wildenheim";0
"wight";0
"whitaker";0
"whip";0
"wheel";0
"wearisome";0
"wanton";0
"walnut";0
"wallises";0
"viscount";0
"virtuous";0
"violin";0
"violate";0
"vicar";0
"vessel";0
"varnish";0
"utterly";0
"uprightness";0
"upbraid";0
"unworthily";0
"unusually";0
"unsuited";0
"unstudied";0
"unsteadiness";0
"unshaken";0
"unsatisfactory";0
"unrestrained";0
"unquiet";0
"unpromising";0
"unprofitable";0
"unprejudiced";0
"unpractised";0
"unpleasantly";0
"unobtrusive";0
"unmoved";0
"unmarked";0
"university";0
"unison";0
"uninterrupted";0
"uninformed";0
"unfasten";0
"undue";0
"undress";0
"unconvinced";0
"uncheerful";0
"unchecked";0
"unbend";0
"unavailing";0
"unassuming";0
"unanswered";0
"unalterable";0
"unaffectedly";0
"unacknowledged";0
"ultimate";0
"twentieth";0
"turnpike";0
"troop";0
"trinket";0
"trepidation";0
"treacherous";0
"transpire";0
"transparency";0
"transmit";0
"transgress";0
"transcribe";0
"tranquillise";0
"trait";0
"tower";0
"torrent";0
"tithe";0
"tippet";0
"thirdly";0
"theme";0
"text";0
"terribly";0
"sympathize";0
"sweetly";0
"sway";0
"suspiciously";0
"surmount";0
"superciliousness";0
"suite";0
"sufficiency";0
"successive";0
"strenuously";0
"stray";0
"straightforward";0
"stomach";0
"stipulation";0
"stipulate";0
"stiffness";0
"steadfastly";0
"steadfast";0
"stanhill";0
"stability";0
"stab";0
"squabble";0
"spunging";0
"sprig";0
"sprain";0
"sposo";0
"spleen";0
"spectator";0
"sorrowfully";0
"somerset";0
"solitariness";0
"solidity";0
"softly";0
"smoothly";0
"smilingly";0
"slyness";0
"slacken";0
"skinners";0
"sixpence";0
"simile";0
"signal";0
"shropshire";0
"shrewd";0
"showery";0
"shiver";0
"shirt";0
"sharpen";0
"sharer";0
"shady";0
"serle";0
"seniority";0
"seduction";0
"sedentary";0
"sedate";0
"secresy";0
"scoundrel";0
"scotch";0
"sarcastic";0
"sand";0
"saloon";0
"sallow";0
"sale";0
"roar";0
"rheumatism";0
"rheumatic";0
"retrace";0
"retentive";0
"retail";0
"reseat";0
"requite";0
"requisition";0
"representative";0
"replete";0
"replace";0
"remnant";0
"religious";0
"religion";0
"regiment_s";0
"regale";0
"refute";0
"reformation";0
"rectory";0
"rectify";0
"recognize";0
"recognition";0
"reciprocal";0
"recede";0
"reasonableness";0
"rear";0
"reap";0
"rationality";0
"rascal";0
"random";0
"putrid";0
"putney";0
"purely";0
"pupil";0
"pulpit";0
"proxy";0
"protract";0
"protege";0
"prolong";0
"profitable";0
"professional";0
"prodigy";0
"presumptive";0
"prediction";0
"predicament";0
"powerless";0
"powder";0
"poulterer";0
"postpone";0
"porter";0
"populous";0
"pond";0
"policy";0
"poison";0
"poem";0
"plight";0
"plentiful";0
"plaintive";0
"piquet";0
"pint";0
"pillow";0
"pi";0
"peruse";0
"persuadable";0
"persecution";0
"perrys";0
"perforce";0
"penitent";0
"penitence";0
"peep";0
"patiently";0
"pathetic";0
"passive";0
"passable";0
"parley";0
"parishioner";0
"parent_s";0
"parasol";0
"pant";0
"panegyric";0
"paddock";0
"packet";0
"pacify";0
"overrate";0
"outer";0
"outdo";0
"ostentation";0
"ostensible";0
"orphan";0
"orderly";0
"orchestra";0
"obligingly";0
"nurseryman";0
"nuptial";0
"nuisance";0
"nourish";0
"nose";0
"nnight";0
"ninth";0
"ninety";0
"nettle";0
"needlessly";0
"necessitous";0
"neatly";0
"nail";0
"mutter";0
"musician";0
"multitude";0
"muffin";0
"motto";0
"moralize";0
"mock";0
"mismanagement";0
"misinterpret";0
"misconstruction";0
"misconception";0
"miracle";0
"minor";0
"mindful";0
"metal";0
"memorial";0
"memorandum";0
"medical";0
"meantime";0
"mature";0
"massy";0
"margaret_s";0
"mantel";0
"mamma_s";0
"malicious";0
"male";0
"malady";0
"mail";0
"magnitude";0
"lurk";0
"lung";0
"lottery";0
"loser";0
"loose";0
"longtown";0
"lonely";0
"living";0
"litter";0
"limitation";0
"lime";0
"lightness";0
"levity";0
"leisurely";0
"lease";0
"laurentina_s";0
"laudable";0
"lastly";0
"lash";0
"largely";0
"lame";0
"labourer";0
"knave";0
"knack";0
"kindred";0
"justness";0
"junction";0
"jumble";0
"jove";0
"jointure";0
"jilt";0
"jade";0
"italy";0
"irreproachable";0
"irregular";0
"invest";0
"intrigue";0
"intreat";0
"intimidate";0
"intervene";0
"internal";0
"insufferably";0
"instrument_s";0
"instinct";0
"insincerity";0
"inside";0
"innate";0
"ingenuousness";0
"infirmity";0
"inference";0
"infamously";0
"inexperienced";0
"inexperience";0
"ineffectual";0
"industriously";0
"indistinct";0
"indispensably";0
"indiscretion";0
"indication";0
"indecorum";0
"incurable";0
"incredulous";0
"inconsolable";0
"inconsiderately";0
"inconsiderate";0
"importune";0
"importunate";0
"impolitic";0
"impertinently";0
"impenetrable";0
"impend";0
"impede";0
"impartially";0
"immoderately";0
"ice";0
"humourist";0
"horsewoman";0
"horseman";0
"horribly";0
"horizon";0
"hole";0
"hideous";0
"hen";0
"hem";0
"heiress";0
"heath";0
"hazle";0
"hay";0
"haunch";0
"harvest";0
"harangue";0
"hanover";0
"hail";0
"habitable";0
"groundwork";0
"greet";0
"grass";0
"grappler";0
"grandson";0
"grandpapa";0
"gowland";0
"gladden";0
"gild";0
"gesture";0
"georgiana_s";0
"gale";0
"fury";0
"funeral";0
"fund";0
"fullness";0
"fulfill";0
"frugality";0
"frigate";0
"friendless";0
"freak";0
"frances";0
"fragrance";0
"fragment";0
"fox";0
"fortify";0
"fork";0
"foreboding";0
"foolishness";0
"fling";0
"flatterer";0
"flannel";0
"finesse";0
"finance";0
"finale";0
"filigree";0
"fence";0
"feasible";0
"fascination";0
"farmhouse";0
"fairy";0
"extinction";0
"explanatory";0
"expert";0
"expenditure";0
"expatiate";0
"exorbitant";0
"excellency";0
"excel";0
"exasperate";0
"exaggeration";0
"exaggerate";0
"estrangement";0
"essentially";0
"erect";0
"epsom";0
"enumeration";0
"enrich";0
"enrage";0
"enormous";0
"endeavor";0
"encumber";0
"enchant";0
"emigrant";0
"elude";0
"ellison";0
"elliott";0
"elation";0
"elasticity";0
"eighth";0
"effectual";0
"economical";0
"eccentric";0
"ebony";0
"easiness";0
"earthly";0
"dutifully";0
"dusk";0
"dulness";0
"duke";0
"drummond";0
"dreamt";0
"dreamer";0
"drain";0
"doer";0
"dixons";0
"divorce";0
"diversify";0
"distaste";0
"dissimilarity";0
"disproportion";0
"dismount";0
"dismal";0
"dishearten";0
"discipline";0
"disarm";0
"diminish";0
"dilatory";0
"digression";0
"deviation";0
"deter";0
"desolate";0
"designedly";0
"desertion";0
"derange";0
"depreciate";0
"deportment";0
"dentist";0
"demur";0
"demerit";0
"delivery";0
"deliverance";0
"deign";0
"deduction";0
"decree";0
"deceit";0
"daylight";0
"dagger";0
"cushion";0
"cup";0
"cultivation";0
"cultivate";0
"cromer";0
"criticise";0
"crimson";0
"criminal";0
"cravat";0
"covert";0
"countless";0
"counterbalance";0
"counteraction";0
"counter";0
"council";0
"corrupt";0
"correctly";0
"conversable";0
"contradictory";0
"contention";0
"contemptuously";0
"consumption";0
"consolatory";0
"consign";0
"considerately";0
"connive";0
"congratulatory";0
"confederacy";0
"conduce";0
"concisely";0
"compunction";0
"compress";0
"complaisant";0
"compass";0
"compact";0
"commiseration";0
"commencement";0
"collation";0
"coincidence";0
"cloth";0
"clemency";0
"clamorous";0
"chestnut";0
"chasm";0
"chariot";0
"certify";0
"century";0
"ceiling";0
"cavil";0
"cautiousness";0
"causeless";0
"cattle";0
"cash";0
"caro";0
"caper";0
"candidly";0
"camilla";0
"bystander";0
"byron";0
"burnt";0
"brute";0
"bruise";0
"brotherly";0
"brook";0
"briskly";0
"bribe";0
"bookseller";0
"bookcase";0
"blossom";0
"blameable";0
"bit";0
"biscuit";0
"birmingham";0
"biographer";0
"bickerton";0
"beneficial";0
"belmont";0
"beginning";0
"battle";0
"basil";0
"barrier";0
"baronet_s";0
"balance";0
"baize";0
"bailiff";0
"background";0
"avowedly";0
"avoidance";0
"average";0
"authorize";0
"authoritative";0
"attire";0
"attainable";0
"assign";0
"assiduity";0
"assail";0
"asparagus";0
"artist";0
"artifice";0
"articulate";0
"arrowroot";0
"archness";0
"approval";0
"appal";0
"apace";0
"annum";0
"annex";0
"annesley";0
"amity";0
"allay";0
"alarmingly";0
"akin";0
"affix";0
"advertisement";0
"adverse";0
"advantageously";0
"adore";0
"adoration";0
"adjust";0
"adequate";0
"actuate";0
"actress";0
"acquittal";0
"accumulation";0
"accountable";0
"abound";0
"abate";0
"28th";0
"22nd";0
"the";0
"to";0
"and";0
"of";0
"a";0
"her";0
"i";0
"in";0
"was";0
"it";0
"she";0
"not";0
"be";0
"that";0
"you";0
"had";0
"he";0
"as";0
"for";0
"his";0
"with";0
"but";0
"have";0
"at";0
"is";0
"so";0
"all";0
"very";0
"on";0
"could";0
"him";0
"by";0
"s";0
"been";0
"would";0
"my";0
"no";0
"which";0
"were";0
"they";0
"from";0
"think";0
"what";0
"this";0
"do";0
"me";0
"or";0
"will";0
"them";0
"there";0
"more";0
"their";0
"an";0
"such";0
"any";0
"must";0
"said";0
"much";0
"your";0
"if";0
"make";0
"than";0
"one";0
"when";0
"know";0
"are";0
"am";0
"only";0
"should";0
"well";0
"did";0
"who";0
"we";0
"every";0
"being";0
"own";0
"how";0
"now";0
"might";0
"never";0
"herself";0
"little";0
"some";0
"before";0
"can";0
"nothing";0
"soon";0
"other";0
"has";0
"too";0
"though";0
"most";0
"without";0
"say";0
"even";0
"wish";0
"see";0
"again";0
"after";0
"first";0
"may";0
"out";0
"about";0
"look";0
"come";0
"two";0
"quite";0
"into";0
"shall";0
"then";0
"up";0
"ever";0
"always";0
"tell";0
"like";0
"sure";0
"mean";0
"however";0
"himself";0
"away";0
"its";0
"go";0
"believe";0
"last";0
"way";0
"indeed";0
"want";0
"take";0
"having";0
"better";0
"many";0
"upon";0
"over";0
"enough";0
"cannot";0
"just";0
"oh";0
"here";0
"done";0
"us";0
"seemed";0
"while";0
"still";0
"far";0
"saw";0
"something";0
"same";0
"came";0
"really";0
"perhaps";0
"yes";0
"yet";0
"few";0
"almost";0
"rather";0
"another";0
"going";0
"where";0
"down";0
"off";0
"our";0
"myself";0
"does";0
"less";0
"together";0
"those";0
"appear";0
"certainly";0
"whom";0
"often";0
"least";0
"between";0
"seen";0
"three";0
"nor";0
"both";0
"once";0
"anything";0
"please";0
"these";0
"whole";0
"gone";0
"ask";0
"right";0
"therefore";0
"let";0
"ought";0
"each";0
"since";0
"others";0
"next";0
"hardly";0
"given";0
"known";0
"best";0
"towards";0
"possible";0
"allow";0
"get";0
"old";0
"able";0
"went";0
"else";0
"looking";0
"everything";0
"consider";0
"under";0
"through";0
"against";0
"seeing";0
"either";0
"because";0
"wonder";0
"name";0
"near";0
"whether";0
"course";0
"beyond";0
"why";0
"took";0
"particular";0
"within";0
"whose";0
"yourself";0
"taken";0
"themselves";0
"sorry";0
"different";0
"doing";0
"already";0
"saying";0
"help";0
"entirely";0
"new";0
"neither";0
"exactly";0
"among";0
"keep";0
"nobody";0
"likely";0
"afterwards";0
"four";0
"five";0
"used";0
"sometimes";0
"got";0
"particularly";0
"alone";0
"use";0
"need";0
"necessary";0
"certain";0
"except";0
"everybody";0
"thank";0
"former";0
"probably";0
"whatever";0
"second";0
"serious";0
"followed";0
"self";0
"sent";0
"looks";0
"sensible";0
"seem";0
"anybody";0
"instead";0
"became";0
"merely";0
"none";0
"tried";0
"seems";0
"_that_";0
"welcome";0
"value";0
"kept";0
"especially";0
"thus";0
"whenever";0
"also";0
"behind";0
"above";0
"trying";0
"otherwise";0
"_you_";0
"says";0
"itself";0
"during";0
"cause";0
"_her_";0
"hers";0
"six";0
"immediate";0
"yours";0
"besides";0
"useful";0
"latter";0
"knows";0
"following";0
"considering";0
"try";0
"nearly";0
"comes";0
"liked";0
"getting";0
"lately";0
"actually";0
"don_t";0
"several";0
"placed";0
"become";0
"_she_";0
"twice";0
"thoroughly";0
"seriously";0
"ourselves";0
"along";0
"further";0
"eight";0
"around";0
"seven";0
"unless";0
"wants";0
"third";0
"asking";0
"somebody";0
"truly";0
"o";0
"willing";0
"becoming";0
"forth";0
"moreover";0
"gives";0
"across";0
"_me_";0
"thanks";0
"_i_";0
"_him_";0
"amongst";0
"meanwhile";0
"anywhere";0
"seeming";0
"accordingly";0
"described";0
"_not_";0
"various";0
"that_s";0
"nine";0
"consequently";0
"anyone";0
"_his_";0
"wherever";0
"formerly";0
"contain";0
"_he_";0
"hereafter";0
"goes";0
"somewhat";0
"example";0
"_your_";0
"thorough";0
"re";0
"later";0
"etc";0
"unfortunately";0
"d";0
"t";0
"somewhere";0
"lest";0
"according";0
"usually";0
"reasonably";0
"ones";0
"elsewhere";0
"_my_";0
"throughout";0
"theirs";0
"novel";0
"everywhere";0
"below";0
"aside";0
"_will_";0
"_now_";0
"c";0
"_we_";0
"_them_";0
"won_t";0
"_very_";0
"ours";0
"lot";0
"happens";0
"containing";0
"_one_";0
"somehow";0
"unlikely";0
"hence";0
"clearly";0
"causes";0
"_must_";0
"f";0
"e";0
"changes";0
"brief";0
"_they_";0
"_there_";0
"_had_";0
"whence";0
"m";0
"follows";0
"can_t";0
"becomes";0
"_was_";0
"_is_";0
"_did_";0
"yourselves";0
"whither";0
"using";0
"gets";0
"concerning";0
"_us_";0
"_all_";0
"secondly";0
"although";0
"_should_";0
"_more_";0
"whoever";0
"w";0
"here_s";0
"beforehand";0
"appropriate";0
"apart";0
"_this_";0
"_do_";0
"10";0
"there_s";0
"thence";0
"hither";0
"_some_";0
"_here_";0
"toward";0
"regarding";0
"keeps";0
"i_ll";0
"_would_";0
"_have_";0
"1";0
"r";0
"nowhere";0
"mostly";0
"latterly";0
"everyone";0
"appreciate";0
"_two_";0
"_to_";0
"_first_";0
"_be_";0
"_at_";0
"whereas";0
"what_s";0
"someone";0
"selves";0
"regards";0
"regardless";0
"per";0
"non";0
"needs";0
"fifth";0
"_were_";0
"_the_";0
"_shall_";0
"_own_";0
"_out_";0
"_never_";0
"_may_";0
"_appearance_";0
"thereby";0
"i_d";0
"h";0
"g";0
"corresponding";0
"cant";0
"_yours_";0
"_then_";0
"_our_";0
"_miss_";0
"_mine_";0
"_little_";0
"_half_";0
"_could_";0
"_any_";0
"1803";0
"until";0
"outside";0
"l";0
"it_s";0
"inner";0
"anyhow";0
"_wish_";0
"_told_";0
"_think_";0
"_their_";0
"_such_";0
"_read_";0
"_present_";0
"_ought_";0
"_only_";0
"_near_";0
"_julia_";0
"_has_";0
"_does_";0
"_been_";0
"_are_";0
"_am_";0
"000";0
"*book_Sense&Sensibility";0
"*book_Pride&Prejudice";0
"*book_MansfieldPark";0
"*book_Emma";0
"*book_NorthangerAbbey";0
"*book_Persuasion";0
