mr;2920
mrs;2373
miss;1839
time;1461
good;1360
great;1275
feel;1276
give;1166
lady;1068
sister;1074
day;1046
man;1050
long;1028
hear;996
thing;995
fanny;964
friend;947
dear;916
speak;920
hope;906
find;907
room;874
young;848
leave;819
sir;798
emma;778
house;730
elizabeth;730
father;704
talk;686
elinor;682
walk;664
mother;662
love;634
person;634
family;620
begin;624
happy;610
catherine;614
manner;609
crawford;598
mind;598
jane;583
return;589
moment;587
letter;558
marianne;564
part;555
woman;542
place;549
home;549
suppose;546
feelings;529
brother;528
anne;512
hour;512
word;509
pleasure;507
half;492
reply;497
till;492
heart;491
year;483
marry;479
meet;486
bring;485
pass;485
call;479
subject;475
morning;474
sit;465
present;453
eye;452
understand;449
spirit;449
turn;447
weston;433
party;436
answer;435
cry;433
general;428
poor;425
harriet;415
darcy;415
write;410
world;411
edmund;411
attention;407
daughter;406
kind;399
opinion;398
interest;397
receive;396
knightley;381
visit;385
expect;384
elton;382
life;375
smile;366
idea;374
happiness;364
child;365
oblige;365
doubt;362
hand;358
side;352
bad;341
back;351
minute;345
live;344
captain;336
end;342
acquaintance;339
girl;337
comfort;336
thomas;332
point;333
draw;329
immediately;323
affection;320
short;318
ill;311
add;316
woodhouse;309
put;308
deal;307
assure;309
open;306
character;306
bingley;305
colonel;304
bennet;303
john;298
door;299
gentleman;294
read;288
dance;293
week;287
sort;291
account;294
care;288
set;291
rest;291
stay;285
continue;289
cousin;283
settle;282
object;283
dare;283
circumstance;281
henry;278
surprise;278
aunt;275
chapter;4
wife;272
situation;270
perfectly;268
bertram;269
edward;267
engage;267
small;266
body;260
remain;266
carriage;265
glad;259
enter;263
bear;260
pretty;253
power;260
determine;260
satisfy;256
reason;256
delight;256
matter;256
elliot;250
change;252
early;250
dashwood;252
observe;249
mary;247
fine;244
business;245
head;244
agreeable;241
town;239
fairfax;239
strong;236
conversation;239
regard;236
fear;237
uncle;235
listen;234
stand;234
jennings;235
state;234
voice;228
question;229
bath;229
wait;228
ready;229
forget;226
concern;229
mention;228
fancy;227
promise;221
william;223
churchill;221
respect;223
london;223
engagement;221
tilney;220
marriage;221
attend;221
suffer;211
son;214
wentworth;213
spend;218
rushworth;215
frank;215
willoughby;212
imagine;214
convince;215
impossible;214
occasion;212
pain;208
norris;209
lose;207
distress;208
view;207
nature;206
play;203
high;207
form;206
join;204
husband;203
night;202
country;204
persuade;202
remember;199
fortune;200
sense;200
kindness;200
equal;197
dinner;197
afraid;191
true;181
advantage;197
attachment;196
handsome;191
forward;195
express;195
directly;195
wickham;194
happen;191
full;192
charles;189
work;189
honour;190
act;187
offer;190
month;183
air;190
large;187
lucy;185
isabella;183
usual;183
laugh;182
collins;184
appearance;185
street;184
smith;178
real;183
notice;184
mansfield;183
table;182
grow;181
lead;179
pay;178
degree;180
company;178
prevent;179
natural;178
consequence;179
regret;175
common;175
temper;176
scarcely;173
increase;172
behaviour;174
fix;170
conduct;173
shew;171
resolve;171
case;172
address;171
ten;169
strike;168
difficulty;169
reach;167
mistake;164
taste;165
plan;165
grant;166
face;166
evil;162
anxious;163
alarm;163
fall;164
charm;163
pleasant;162
judge;163
round;162
compliment;161
attempt;161
hartfield;158
dine;158
companion;158
truth;156
silence;158
drive;157
depend;157
horse;155
close;155
society;153
desire;154
park;150
ball;149
satisfaction;152
catch;152
beauty;150
acknowledge;150
hurry;149
russell;147
morland;148
bate;145
worth;146
thought;147
thorpe;144
run;147
prove;145
force;147
cold;145
accept;147
praise;140
knowledge;143
declare;145
creature;146
countenance;146
agree;145
thousand;141
proper;144
move;143
wrong;139
influence;142
brandon;144
throw;143
spite;141
opportunity;143
servant;141
seat;142
fond;141
easy;142
claim;141
choose;140
walter;141
repeat;140
produce;140
occur;139
dress;139
allen;138
event;138
endeavour;139
effect;139
admire;137
acquaint;136
sight;137
late;137
humour;137
book;135
morrow;133
deserve;134
decide;134
curiosity;133
window;132
watch;132
sake;130
mile;130
maria;131
lydia;130
favour;133
difference;132
twenty;131
invitation;132
duty;129
send;131
proceed;131
prepare;131
order;130
comfortable;131
price;128
musgrove;130
ferrars;129
delightful;130
aware;129
perceive;129
avoid;129
suspect;127
stop;123
silent;128
require;127
instantly;128
hold;128
disposition;128
share;127
low;126
civility;126
warm;125
scheme;125
fair;124
danger;123
chance;124
carry;124
ago;124
inclination;125
highbury;123
excuse;123
trust;124
secure;124
past;122
equally;122
pause;121
match;121
extremely;121
expression;121
purpose;119
intend;120
health;120
excellent;119
amiable;118
strange;116
rise;116
enjoyment;119
arrival;119
pride;110
julia;115
invite;118
expectation;118
arrive;118
admit;118
admiration;118
judgment;117
introduce;116
breakfast;116
trouble;115
superior;116
step;114
recollect;116
quiet;116
hint;115
disappointment;116
inquiry;115
pity;111
money;113
dispose;114
break;112
line;113
journey;113
habit;112
gratitude;112
attach;111
slight;112
niece;111
news;109
absence;111
resolution;111
raise;111
favourite;110
clear;109
charlotte;110
weather;108
support;108
style;108
reflection;108
perfect;108
consideration;109
tone;107
sweet;105
speech;108
learn;106
light;106
easily;105
cottage;107
beg;107
admiral;106
recommend;106
louisa;105
vain;104
remove;105
observation;105
highly;105
friendship;105
fact;105
spare;104
objection;102
law;104
delay;102
age;103
relate;103
loss;102
conviction;102
middleton;102
importance;102
future;101
exceedingly;102
ashamed;101
agitation;102
pray;95
information;101
ease;101
distance;100
approach;101
anxiety;101
seek;99
fault;98
afford;100
escape;98
disappoint;98
command;99
refuse;97
martin;97
tea;95
suspicion;97
succeed;96
quick;95
ma;97
lizzy;96
gardiner;97
credit;96
confidence;97
blush;95
yesterday;95
sound;94
scene;96
eager;95
angry;93
relation;95
quarter;95
fit;93
altogether;95
absolutely;95
shock;93
safe;93
recover;94
press;93
neighbourhood;93
james;94
generally;93
gain;94
amuse;91
affect;94
tear;92
proof;92
pound;93
merit;92
improve;92
bless;93
bed;92
arise;93
sentiment;92
mine;92
encourage;92
eldest;92
boy;92
assist;92
affair;92
harriet_s;90
tom;90
sink;88
randalls;87
belong;90
service;89
prospect;89
misery;88
guess;88
barton;88
note;88
longbourn;88
gratify;87
enjoy;88
due;88
direct;88
wear;86
rich;87
recollection;87
palmer;87
length;86
explain;87
excite;87
consent;87
complete;87
shake;86
parsonage;86
justice;86
confess;86
astonish;83
amusement;85
ah;86
profession;85
joy;83
dislike;83
comprehend;85
cheerful;85
card;83
suit;84
lord;84
astonishment;84
arm;76
trifle;83
term;83
motive;82
intention;83
indifference;83
income;83
finish;83
colour;83
vanity;81
sudden;82
propose;82
picture;80
improvement;82
choice;80
supply;81
period;81
lie;81
fortnight;77
exclaim;81
eleanor;80
connection;81
visitor;80
perry;78
fire;78
extraordinary;80
cease;80
beautiful;79
affectionate;79
spring;78
plain;77
neighbour;79
lively;79
glance;77
folly;77
fellow;79
emma_s;79
eat;78
dreadful;79
deep;77
conceal;79
venture;78
secret;77
quit;77
inquire;78
hill;76
design;78
consciousness;77
cole;78
uppercross;77
sigh;75
rain;76
partner;77
odd;76
occupy;77
intimacy;77
convey;77
connexion;77
capable;77
assurance;77
show;76
save;76
road;75
important;76
explanation;76
completely;76
whisper;75
unhappy;74
tire;74
necessity;75
intelligence;75
harville;75
susan;72
respectable;73
reproach;74
kitty;72
hundred;72
exertion;73
encouragement;73
painful;72
netherfield;73
leisure;73
kellynch;73
inform;73
garden;71
dr;71
deceive;71
conclude;73
abbey;71
treat;72
sensation;72
reserve;69
notion;72
expense;72
arrangement;72
teach;70
summer;69
solicitude;71
public;71
hall;71
forgive;69
fail;71
distinguish;71
constant;71
behave;71
apply;71
master;70
lucas;70
indifferent;69
estate;70
employ;70
die;68
delicacy;70
clever;70
benwick;68
advice;69
rejoice;69
prevail;69
prefer;69
music;69
justify;69
hard;69
fresh;68
felicity;69
croft;69
wholly;68
simple;67
ride;68
reasonable;68
possibility;68
overcome;68
elegant;67
dread;67
death;68
winter;67
wind;67
rate;67
nay;65
measure;67
lyme;67
ladyship;67
emotion;67
eagerly;67
disagreeable;66
direction;67
cross;66
considerable;67
connect;65
clay;65
advance;65
yates;65
naturally;66
moment_s;66
imagination;66
henrietta;64
grind;65
deny;66
civil;66
bow;65
scruple;65
relief;65
private;64
intimate;64
exercise;65
employment;64
elegance;64
education;65
earnest;65
couple;64
compare;62
charge;65
warmth;64
urge;63
strength;64
single;63
robert;64
probability;64
principle;64
piece;64
madam;64
likewise;64
evident;64
advise;63
suddenly;63
office;63
offend;63
nice;62
heaven;63
entreat;63
communication;63
clock;63
bestow;63
warmly;62
tenderness;62
tender;62
story;62
sacrifice;62
neglect;61
lover;62
liberty;62
greatly;61
grateful;62
gentle;62
fatigue;61
esteem;62
earnestly;62
desirable;61
cut;62
chair;62
alter;62
unite;61
totally;61
proposal;61
mark;61
inconvenience;61
fully;61
dwell;61
compassion;61
burst;60
request;60
provide;60
properly;60
parlour;60
paper;60
owe;60
mere;60
incline;60
hate;59
favourable;60
discover;60
confusion;59
comparison;60
circle;60
approve;60
unpleasant;59
suggest;59
steady;58
mistress;59
material;59
grieve;57
grave;58
goddard;58
endure;59
conjecture;57
composure;59
collect;59
build;57
approbation;59
touch;58
tolerably;58
success;58
severe;58
resentment;58
melancholy;57
indulgence;58
history;56
divide;57
decline;57
content;58
consolation;58
assistance;57
arrange;57
utmost;57
submit;57
sad;57
proud;51
propriety;57
nonsense;56
mortify;57
meryton;57
indulge;57
calm;57
start;56
report;56
remark;55
peace;56
pardon;56
language;56
interrupt;56
fortunate;55
entrance;56
contrary;56
communicate;56
campbell;55
box;55
addition;56
absent;55
tempt;55
sea;54
pretend;55
post;55
politeness;55
passage;55
nephew;53
miserable;55
impatient;55
frighten;55
friendly;55
frequently;55
follow;55
feature;54
entertain;55
apology;55
stair;54
spot;54
sotherton;54
removal;54
property;54
procure;54
principal;54
instance;54
induce;54
england;54
consult;54
agitate;54
youth;51
wise;51
soul;53
result;53
restore;52
readily;53
pemberley;53
officer;52
norland;53
maid;52
figure;52
check;53
blame;53
variety;51
unable;52
shut;52
render;51
possibly;52
hair;52
fast;51
domestic;52
description;52
wretched;50
village;51
shame;48
rouse;51
remembrance;51
possession;51
persuasion;51
numb;51
lay;51
impression;51
human;51
foresee;51
evidently;51
eagerness;51
church;51
cheerfulness;51
breed;51
witness;50
taylor;49
seldom;47
papa;49
oppose;50
heavy;50
ground;50
gown;50
frequent;50
foot;49
examine;50
establish;50
chief;50
busy;50
undoubtedly;49
sufficient;49
sleep;49
sentence;49
rosings;48
relieve;49
rational;49
rank;46
noise;49
interval;49
instrument;49
fashion;48
drink;48
donwell;48
courage;49
caution;49
announce;49
unwilling;48
tolerable;48
soften;48
separate;48
quitted;48
probable;48
portsmouth;47
patience;48
message;48
lessen;47
illness;48
fill;48
entreaty;48
clergyman;47
chuse;48
anger;47
wood;47
vex;47
talent;46
size;47
quietly;47
presently;47
learnt;47
kindly;47
infinitely;47
housekeeper;47
heartily;47
harm;47
expose;47
excessively;47
conscience;46
complexion;47
buy;45
apartment;47
accompany;47
selfish;45
parent;46
memory;46
luck;44
inferior;46
independence;45
humble;46
horror;46
happily;46
flatter;46
effort;46
chiefly;46
blind;46
betray;46
action;46
wonderful;43
source;45
resist;44
presence;45
lucky;44
intercourse;45
hastily;45
frederick;45
differently;45
conclusion;45
unfortunate;44
theatre;43
tall;42
struggle;44
sorrow;43
sick;44
regular;44
protest;44
lip;44
involve;44
injure;43
ignorance;44
guard;44
furniture;44
fetch;44
female;44
embarrassment;44
dixon;42
describe;43
confine;43
apprehension;44
alteration;44
wed;43
vexation;42
study;43
sing;40
separation;43
safely;43
promote;43
natured;42
mutual;43
instant;43
hurt;43
gradually;42
god;43
glow;43
gate;42
dignity;43
difficult;43
demand;43
court;41
beloved;43
aye;38
attack;43
unnecessary;42
triumph;41
shop;41
progress;42
preserve;42
introduction;42
guide;42
grove;41
free;42
contrive;42
chaise;42
attentive;41
animate;42
accomplish;42
uneasiness;41
tree;39
sincerely;41
shortly;41
ruin;41
pursue;41
personal;41
opposite;41
nurse;40
musgroves;41
ignorant;41
hertfordshire;41
experience;41
disgust;40
dependence;41
confirm;41
yield;40
water;40
thirty;40
sincere;40
school;40
remarkably;40
preparation;40
parish;39
opposition;40
offence;40
hearted;40
hang;40
gay;40
fate;39
error;40
distant;40
discourse;40
de;40
dark;39
daily;40
cure;39
conscious;40
compose;40
boast;40
benefit;40
attraction;40
wit;39
wild;39
valuable;38
utter;39
uneasy;39
uncomfortable;39
twelve;38
tranquillity;39
reflect;39
recommendation;39
pursuit;39
provoke;39
pianoforte;39
persons;39
performance;39
partiality;38
obtain;39
mortification;39
middle;38
inn;39
indignation;39
idle;39
hot;39
goodness;39
forster;39
disgrace;39
certainty;39
bourgh;38
authority;39
white;38
tuesday;37
strongly;38
steele;38
saturday;37
represent;38
renew;38
preference;37
perform;38
lydia_s;38
lane;37
isabella_s;38
impatience;37
hayter;37
game;38
gallantry;38
gaiety;38
foolish;37
exert;38
distinction;38
crowd;36
congratulate;38
ceremony;38
calmness;38
bustle;36
belief;38
aloud;38
active;38
yard;37
worthy;37
wallis;37
suspense;36
surprize;35
stupid;37
spread;36
sex;37
risk;36
restraint;37
pronounce;37
presume;37
northanger;37
noble;36
lovely;37
fitzwilliam;37
fifty;37
display;37
detain;37
deeply;37
create;36
continual;37
attribute;37
undertake;36
tremble;36
sunday;35
residence;36
reconcile;36
purchase;36
peculiar;36
mama;36
lament;36
independent;36
honourable;36
envy;35
enscombe;36
discovery;36
discern;36
delicate;36
decision;36
decidedly;36
dashwoods;36
complaint;36
clothe;35
christmas;36
censure;35
application;36
abroad;36
wall;35
violent;35
possess;35
partial;35
occasionally;35
misfortune;34
margaret;35
interference;35
forty;35
fearful;35
elliot_s;35
dull;35
disturb;35
crown;34
cheek;35
bertrams;35
awkward;35
animation;35
syllable;34
supper;34
superiority;34
shrubbery;33
season;34
pace;34
obligation;34
jealousy;34
generous;34
existence;34
east;34
convenience;34
continually;34
condition;34
conceive;34
bye;33
volume;33
thankful;33
symptom;33
surround;33
silly;33
rule;33
overpower;33
openly;33
monday;33
maintain;33
joke;32
hesitate;33
extreme;33
drop;33
discussion;33
destroy;33
departure;33
conceit;33
building;33
withdraw;32
wealth;32
trick;32
surprized;30
shepherd;32
reward;31
resemblance;32
oxford;31
november;31
loud;32
lock;32
library;32
hurst;32
hitherto;32
haste;28
guest;32
grace;32
cool;32
brighton;32
born;30
betsey;31
amazement;32
amaze;32
ability;32
unlike;29
tomorrow;31
signify;31
seize;31
safety;31
profess;31
positive;31
phillips;31
nerve;31
matrimony;31
maple;30
include;31
imprudence;31
hasten;31
flow;31
establishment;31
elder;31
ear;31
displease;30
despair;30
cruel;29
corner;31
complain;31
commission;31
bend;30
aunt_s;31
ascertain;31
apparent;31
alike;31
voluntarily;30
unreasonable;30
twelvemonth;30
steeles;30
sensibility;30
secrecy;30
revive;30
representation;30
remind;30
rapture;30
peculiarly;30
liberal;30
green;30
furnish;30
fly;30
flat;30
fairly;30
enable;30
eliza;30
displeasure;30
discretion;30
delaford;29
declaration;30
console;30
chamber;30
bright;30
black;29
bid;30
argument;30
wretchedness;29
unworthy;29
unwelcome;29
thither;29
terror;28
tease;28
solitude;29
scold;27
sanguine;29
ring;29
quickly;27
quality;29
puzzle;29
previously;29
prejudice;28
pleasantly;29
pen;29
newspaper;29
manage;29
likeness;29
interruption;29
injury;29
imprudent;29
extent;29
exist;28
desert;29
contrast;29
camden;29
calculate;29
bennet_s;29
affliction;29
acquit;29
accommodation;29
acceptable;29
wednesday;28
vary;28
trial;28
staid;28
soothe;28
sofa;28
selfishness;28
repeatedly;28
remarkable;28
recall;28
quarrel;27
prompt;28
perfection;28
passion;28
lodge;28
honest;28
hesitation;28
grief;28
fullerton;27
front;28
forbid;28
false;28
engross;28
devote;28
desirous;28
dangerous;28
dalrymple;27
cost;28
converse;28
congratulation;28
careless;28
board;28
blow;28
autumn;28
weight;27
virtue;27
unexpected;27
treatment;27
travelling;27
tenant;27
temptation;27
stir;27
retire;27
reception;27
proportion;27
privilege;27
precede;27
plainly;27
persevere;26
nervous;27
necklace;27
mod;27
lodging;27
land;26
insensible;27
impose;27
heighten;27
forbearance;27
commendation;27
cleveland;27
article;27
accomplishment;27
abide;27
wander;26
unknown;26
unjust;26
total;26
sweetness;25
summon;26
song;25
solemn;26
sincerity;26
satisfactory;26
rid;26
pump;25
previous;26
page;26
novelty;26
mix;26
midst;26
knock;26
faint;26
embarrass;26
doubtful;26
disengage;26
devonshire;26
debt;26
dead;25
contempt;26
campbells;26
anticipate;26
allowance;26
agony;26
absolute;26
weak;25
unlucky;25
uncertain;25
sufficiently;25
station;25
snow;24
sixteen;25
security;25
recent;25
principally;25
precious;25
overlook;24
narrow;25
modern;25
jump;25
jealous;25
intelligible;25
incapable;25
imply;25
hunsford;25
heroine;24
heir;25
grandeur;25
gentleness;25
gallery;25
finally;25
exquisite;24
essential;25
errand;25
distrust;25
deficiency;25
concert;25
charade;25
breathe;25
behold;25
attendance;25
apple;25
afternoon;25
wine;24
wet;24
weakness;24
sun;24
suffering;24
subdue;24
strict;24
staircase;24
smart;24
slowly;24
similar;23
serve;24
resent;24
refusal;24
project;24
practice;24
pale;24
lean;24
key;24
justly;24
insist;24
height;24
hasty;24
gratification;24
governess;24
fortitude;23
explore;22
exclamation;24
exceed;24
enquiry;24
eligible;24
dreadfully;24
dozen;23
dirty;24
detail;24
derbyshire;24
county;24
convenient;24
concealment;23
comfortably;24
blunder;23
birth;24
barouche;24
awake;24
adopt;24
accident;24
widow;23
upstairs;23
throat;23
sport;23
speedily;23
solitary;23
soft;23
shade;23
ridiculous;23
reverse;23
resume;23
restrain;23
release;23
regiment;23
reckon;23
parcel;23
occasional;23
momentary;23
method;23
hopeless;23
guilt;23
fool;23
flutter;23
fifteen;23
exchange;23
earnestness;23
disinterest;23
denial;23
deliver;23
defend;23
contradict;23
calmly;23
anxiously;23
amend;23
alliance;23
acknowledgment;23
weary;22
waste;22
unequal;22
unaffected;22
torment;22
thornton;22
tete;11
tendency;22
surely;22
stopt;21
stage;22
space;22
south;21
simplicity;22
shoot;22
sens;22
screen;22
reproof;22
relative;22
push;22
punishment;21
prudence;22
precisely;22
portion;22
path;22
musical;22
modesty;22
mischief;22
materially;22
mamma;22
impropriety;22
gentlemanlike;22
flattery;22
firm;22
farm;22
extend;22
entitle;22
eltons;19
derive;22
defer;22
correspondence;22
cordiality;22
contribute;22
collection;22
coachman;22
careful;22
bell;22
ay;21
assemble;22
allude;22
ala;20
affront;22
actual;22
woodston;21
weymouth;21
vast;21
unkind;21
tongue;21
thin;20
sum;21
square;21
sell;21
sailor;21
retain;21
resign;21
relationship;21
recovery;21
practise;21
positively;21
polite;20
perplexity;21
oppress;21
necessarily;21
motion;21
moderate;21
mixture;21
leaf;21
king;21
irritation;21
improper;21
impertinent;21
heat;20
hazard;21
harp;20
gravely;21
grand;20
govern;20
fever;20
excessive;21
examination;21
double;21
division;21
disapprobation;21
deficient;20
curricle;21
cruelty;20
cordial;21
continuance;21
comprehension;21
complaisance;21
coach;21
class;21
bloom;21
attract;21
assert;21
assent;21
appeal;21
apparently;21
amazingly;21
alacrity;21
adieu;21
uncommon;19
today;20
tilneys;20
sympathy;20
swell;20
sweep;20
slow;20
september;19
repetition;20
readiness;20
rapid;20
prudent;20
ornament;20
occupation;20
navy;19
luckily;20
lesson;20
judgement;20
insult;20
inspire;20
impute;20
hawkins;19
hat;20
gravity;20
glass;20
gladly;20
gift;20
genius;20
fold;20
falsehood;20
expedient;20
excellence;20
dream;19
disdain;20
decent;20
counsel;20
constantly;20
constancy;19
complacency;20
cloud;20
cheerfully;20
chat;20
capital;20
bride;20
blood;20
banish;20
awkwardness;20
authorise;20
assertion;20
assembly;20
acquiescence;20
accuse;20
abuse;20
whist;19
vow;19
ungrateful;19
unfit;19
troublesome;19
trace;18
thrush;18
threaten;19
thoughtful;19
suspend;19
surmise;19
substance;19
stranger;19
startle;19
stable;19
sermon;19
reject;19
refrain;19
red;19
plant;19
plague;19
perseverance;19
north;19
noisy;19
neat;19
muslin;19
misunderstand;19
mislead;19
mild;19
middletons;19
meditate;19
lawn;19
lacey;19
kiss;19
injustice;19
inevitable;19
horrid;19
holiday;19
harbour;19
gracious;18
glory;19
george;19
genuine;19
gallant;19
formal;18
flower;18
february;19
faith;19
evening;19
entertainment;19
english;18
effusion;19
despise;19
deprive;19
defect;19
date;19
curtain;19
confuse;19
cautious;18
bottom;19
awaken;19
apt;19
alive;19
absurd;19
wound;18
voluntary;18
upper;18
unwell;17
unusual;18
union;18
uncommonly;18
udolpho;18
travelled;18
topic;17
ti;18
suggestion;18
stretch;18
strengthen;18
steadily;18
speculation;18
smooth;18
slightly;18
seventeen;18
rude;18
richmond;18
pretence;18
poverty;17
persist;18
permit;18
owner;18
norfolk;18
nod;18
mouth;18
mode;18
meadow;18
listener;17
limit;18
liberality;18
labour;18
joyful;18
interview;18
interfere;18
horrible;18
harvilles;17
harden;18
ha;13
goodwill;18
gloom;18
generosity;18
flirt;17
finger;18
excess;18
estimation;18
estimate;18
entire;18
encounter;18
eighteen;17
easter;18
dry;18
downstairs;18
discuss;18
discontent;18
disadvantage;18
dirt;18
dictate;18
curious;17
correct;18
conference;18
comply;18
chapel;18
cast;18
caroline;18
candle;17
broad;18
beneath;17
awful;18
art;17
apologise;18
amount;18
allenham;18
accidentally;18
accent;18
worldly;17
willingly;17
west;17
welfare;17
violence;17
vicarage;17
valley;17
urgent;17
thursday;17
suitable;17
stare;17
st;17
sober;17
shape;17
rob;17
restless;17
resource;16
repose;17
rehearsal;17
rapidly;17
rapidity;17
quickness;17
qualify;17
purposely;17
provision;17
pretension;17
preach;16
openness;17
numerous;17
morton;16
meeting;17
meditation;17
meal;17
kitchen;16
kingdom;17
kill;17
ireland;17
instruction;17
inducement;17
hunt;17
hughes;16
housemaid;17
horseback;17
hardship;17
handsomely;17
guilty;17
grey;17
foundation;17
ford;16
extensive;17
exact;17
everingham;17
enquire;17
energy;17
embrace;17
elevate;17
drawback;17
doctor;16
dismiss;17
desperate;17
depart;17
delightfully;17
deference;17
decorum;17
cover;17
confession;17
condemn;17
coldness;17
carefully;17
brain;17
bitter;16
berkeley;17
basket;17
baronet;17
ascend;17
angel;17
amendment;17
allusion;17
acquire;17
abominable;17
zeal;16
weaken;16
warrant;16
war;16
vulgar;16
useless;16
unpardonable;16
unnatural;16
unfeeling;16
unaccountable;16
storm;16
spoil;16
speedy;16
sore;16
sign;16
shrink;16
sharp;16
scrupulous;15
rush;16
river;16
ridicule;16
reverie;16
retreat;16
renewal;16
rebecca;16
protection;16
powerful;16
plenty;16
patient;16
parade;16
overhear;16
original;16
ordinary;16
odious;16
northamptonshire;16
milsom;16
list;16
lieutenant;14
julia_s;16
irritate;15
intelligent;16
insufficient;16
indebted;16
inconvenient;16
imaginary;16
hide;16
harley;16
grant_s;16
fruit;16
fortunately;16
field;15
exeter;16
economy;16
earth;16
coolly;16
constitution;16
comparatively;16
combe;16
civilly;16
bold;16
bind;16
assume;16
aspect;16
apprehend;16
appointment;16
anhalt;16
ancient;16
amiss;16
amelia;14
agatha;15
affectionately;16
admirer;16
additional;16
activity;16
writer;15
unwillingness;15
unhappiness;15
treasure;15
tranquil;15
train;15
trade;15
top;15
tiresome;15
tie;14
tidings;15
thirteen;15
thick;15
talker;14
suppress;15
submission;15
stone;15
steadiness;15
solicit;15
solemnity;15
ship;15
shelter;15
sadly;15
respectability;15
resolutely;15
reluctance;15
rehearse;15
refreshment;15
reference;15
reconciliation;15
quest;15
pulteney;15
prosperity;15
prize;15
pocket;15
penetration;15
pair;15
moral;15
misconduct;14
merry;15
mansion;15
mad;15
luxury;15
lift;15
liable;15
june;14
january;15
irresistible;15
integrity;15
inferiority;15
indisposition;15
impossibility;15
group;15
gratefully;15
gloomy;15
glimpse;15
gaze;15
found;15
forlorn;15
fish;15
famous;15
familiar;15
entail;15
ensue;15
ecstasy;15
divert;15
distinct;15
dissatisfy;15
disorder;15
discharge;15
dignify;15
determination;15
crawfords;15
counteract;15
contract;15
consistent;15
considerably;15
conquest;15
confident;15
churchills;15
charity;15
chain;15
butler;15
breath;15
bonnet;15
blue;15
bite;14
awe;15
avail;15
arch;15
ambition;15
aim;14
acute;15
acceptance;15
absurdity;15
win;13
variation;14
upright;14
unsuspicious;14
traveller;14
travel;14
terrible;13
tend;14
suckle;14
successful;14
stout;14
spoilt;13
situate;14
sickly;14
shyness;14
shy;14
sheet;14
search;14
score;14
roof;14
retirement;14
repent;14
remonstrance;14
regularly;14
reduce;14
reader;14
presumption;14
portrait;14
permission;14
outward;14
nineteen;13
mystery;13
maria_s;14
lucases;14
linger;13
lamp;13
kent;14
keen;14
insensibility;14
indies;13
impulse;14
impertinence;14
hearty;14
harmony;14
graceful;14
gently;14
genteel;14
gather;14
fourth;13
formidable;14
fashionable;14
farmer;14
farewell;14
faithful;13
exultation;14
extravagance;14
eleven;14
disposal;14
disagreement;14
descend;14
dependent;14
defy;14
deem;14
dearly;14
damp;14
count;14
cottager;13
correspondent;14
confirmation;13
confinement;14
cobb;14
coarse;14
centre;14
bitterness;14
bench;14
beat;14
ample;14
advisable;14
adapt;14
accommodate;14
abundance;14
ye;11
vacant;13
unreserve;13
unluckily;13
unfold;13
tread;13
thoughtless;12
thorpes;13
suffice;12
stupidity;13
speed;13
sly;13
skill;13
shoulder;13
shoe;13
scatter;13
sanction;13
rough;13
richard;13
reside;13
refresh;13
rationally;13
prosperous;13
promotion;13
prayer;13
pour;13
plymouth;13
penance;13
pang;13
paint;12
origin;13
obstinate;13
obey;13
northampton;13
nash;12
mount;13
moderation;13
model;13
mend;12
liveliness;13
lengthen;13
larkins;13
invalid;13
intimately;13
incumbent;13
incessant;13
humility;13
hospitality;13
honestly;13
hedge;13
headache;13
guinea;13
grievance;13
gravel;13
frightful;12
fraser;13
fourteen;13
forever;13
foretell;13
floor;13
finery;13
exception;13
ere;13
ensure;13
elopement;13
educate;13
dropt;13
dissuade;13
disperse;13
disapprove;13
differ;13
detest;12
detect;13
despatch;13
defence;13
decisive;13
dart;13
croft_s;13
cox;13
cook;13
condescend;13
comprise;13
compassionate;13
coffee;12
clifton;13
castle;12
captivate;13
bury;13
brilliant;13
brighten;13
branch;13
border;13
blessing;13
bitterly;13
bewitch;13
bewilder;13
benevolence;13
avenue;13
attentively;13
associate;13
withhold;12
unkindness;12
ungracious;12
ungenerous;12
unfavourable;12
unexceptionable;12
uncertainty;12
swallow;12
survey;12
supposition;12
sparkle;12
somersetshire;11
skin;12
sketch;12
silently;12
shire;12
shift;12
shawl;11
shadow;12
rival;12
repress;12
repair;12
regulate;12
range;12
pure;12
profit;12
prior;12
pork;10
politely;11
playful;12
plantation;12
perpetual;12
patty;12
overtake;12
omit;12
october;12
occurrence;12
negative;12
monstrous;12
mill;12
michaelmas;12
mare;12
management;12
louisa_s;12
knife;10
issue;12
interpose;12
intently;12
inherit;12
ingenuity;12
infinite;12
inevitably;12
indispose;12
inconstancy;12
idleness;12
hero;12
grievous;12
grandmother;12
gold;12
georgiana;12
generation;11
freedom;12
frame;12
footstep;12
fondness;12
flight;12
firmness;12
firmly;12
extravagant;12
expressive;12
err;12
diffidence;12
depress;12
denote;12
denny;12
custom;12
creditable;12
cordially;12
contemplation;12
contemplate;12
consultation;12
considerate;12
confide;12
cherish;12
cheer;12
carteret;12
calculation;12
cake;12
blindness;12
billiard;12
author;12
attendant;12
apprehensive;12
appoint;12
anticipation;12
amidst;12
allowable;12
afflict;12
advantageous;12
adjoin;12
ache;12
abruptly;12
winthrop;11
wide;10
westons;11
violently;10
vice;11
utility;11
usefulness;11
usage;11
unsettle;11
universally;11
unconsciously;11
unconnected;11
tax;11
subsequent;11
stream;10
steward;11
steal;11
sorrowful;11
solid;11
solicitous;11
sole;11
social;11
sin;10
shirley;11
severely;11
scotland;11
sam;11
roll;11
ribbon;11
resolute;11
reality;11
ramble;11
pull;11
proclaim;11
preside;11
plea;11
pitiful;11
pitiable;11
phrase;11
perusal;11
penetrate;11
originally;11
nursery;11
negligent;11
needless;11
mourn;11
meat;11
maternal;11
magna;11
likelihood;11
leg;11
lecture;11
la;10
knoll;10
judicious;11
joyfully;11
invent;11
invariably;11
intent;11
insolent;11
inhabit;11
inflict;11
infer;11
indulgent;11
inconsistency;11
improbable;11
humanity;11
helpless;11
gross;11
grandmama;11
gig;11
fright;11
friday;11
french;11
flirtation;11
exclude;11
enemy;11
ecclesford;11
earn;11
dupe;10
disregard;11
dispatch;11
disinclination;11
dish;11
discompose;11
discernment;11
diffuse;11
destiny;10
dash;11
curate;11
copy;11
contrivance;11
consist;11
composedly;11
compliance;11
commend;11
coat;11
closet;11
chusing;11
carelessly;11
candour;11
cabinet;11
brunswick;11
brown;11
bristol;10
breach;11
bias;11
behalf;11
beau;11
barely;11
ballroom;11
bake;11
baby;11
avert;11
asleep;11
april;11
alloy;11
aid;11
agreement;11
adventure;11
acquisition;11
accidental;11
abhorrence;10
worry;10
withstand;10
wingfield;10
wimpole;10
willingness;10
wilderness;10
visible;10
vastly;10
usher;10
unwillingly;10
unexpectedly;10
trivial;10
tribute;10
torture;10
thoughtfulness;10
theatrical;10
thankfully;10
system;9
suspicious;10
surpass;10
sufferer;10
subsist;10
strive;10
strawberry;9
strain;10
stoop;10
spacious;10
solely;10
smallridge;10
slave;10
sky;10
simpleton;10
silver;10
significant;10
shine;10
rightly;10
reynolds;10
resemble;10
repine;10
rend;10
rely;10
regain;9
refinement;10
recently;10
rant;9
quarrelling;10
propensity;10
presentation;10
ponder;10
poetry;10
plead;10
playfulness;9
player;10
picturesque;10
perturbation;10
performer;10
pattern;10
patroness;10
particularity;10
overthrow;10
originate;10
operation;10
officious;10
observance;10
objectionable;10
number;10
neck;10
mirth;10
mental;10
march;10
lower;10
lend;10
languor;10
languid;10
lambton;10
lace;10
joint;10
iron;10
intrusion;10
insolence;10
insipid;10
innocence;10
injunction;10
inhabitant;10
indolent;10
incomprehensible;10
inattention;10
impatiently;10
image;10
hunter;9
humiliation;10
honesty;10
heroism;10
harris;10
gentility;10
frost;10
forgiveness;10
forbear;10
fidget;10
fame;10
expensive;10
enforce;10
endless;10
dog;10
dockyard;10
dispute;10
devil;10
detach;10
dejection;10
deception;10
debate;10
darling;10
critical;10
courtesy;10
consequent;10
condescension;10
concurrence;10
comparative;10
christian;9
chest;10
cheap;10
caprice;10
canvass;10
butch;9
burn;10
bread;10
borrow;10
bond;10
blameless;10
bill;10
benevolent;10
beaux;10
baron;10
bank;10
artless;10
argue;10
ardour;10
appetite;10
wont;9
wick;8
whim;9
warn;9
waiter;9
vivacity;9
vestibule;9
unseen;9
unpretending;9
universal;9
unguarded;9
undervalue;9
unconscious;9
unconcerned;9
unconcern;9
trunk;9
tolerate;9
testimony;9
temple;9
sussex;9
surry;9
supplication;9
stuff;9
store;9
stock;9
steep;9
stamp;9
stake;9
spithead;9
spectacle;9
specimen;9
soup;9
soldier;9
snug;9
slip;9
sleepless;9
sickness;9
shed;9
shakespeare;9
series;9
selina;9
select;9
secretly;9
satin;9
rubber;9
rose;9
romantic;9
romance;9
revenge;8
retract;8
requisite;9
refer;9
recital;9
receipt;9
rapturous;9
quicken;9
queen;9
purse;9
punctual;9
prodigious;9
privation;9
prime;9
prettily;9
preferment;9
poultry;9
polish;9
plaister;9
pitch;9
pin;9
pheasant;9
phaeton;9
perverseness;9
perception;9
pack;9
obstacle;9
observer;9
oak;9
murmur;9
movement;9
mildness;9
mercy;9
matrimonial;9
madness;8
linen;9
lee;9
lawyer;9
laura;9
journal;9
jenkinson;9
irish;9
insufferable;9
innocent;9
ingratitude;9
infatuation;9
indispensable;9
incredible;9
inch;8
impress;9
impartial;9
impart;9
household;9
hesitatingly;9
harry;9
handwrite;9
halloo;8
gruel;9
groom;9
gracechurch;9
glove;9
glee;9
gardener;9
fun;9
fulfil;9
freely;8
formality;9
forfeit;9
food;9
fondly;9
feverish;9
fervent;9
feelingly;9
fearless;9
faultless;9
fasten;9
failure;9
exhaust;9
environ;9
enthusiasm;9
endear;9
empty;9
eloquence;8
egg;8
drawing;9
drawer;9
draught;9
distinctly;9
dispense;9
disparity;8
disgraceful;9
disclaim;9
dick;9
devotion;9
detection;9
degrade;9
defiance;9
decease;9
dawdle;9
dancer;9
curacy;9
crime;9
creep;9
coxcomb;9
courteous;9
contentment;9
contend;9
communicative;9
commit;9
closely;9
china;9
celebrate;9
ceaseless;9
carpet;9
briefly;9
bosom;9
boil;7
befall;9
august;9
attractive;9
attitude;9
attain;9
atone;9
astray;9
association;9
artificial;9
appease;9
antigua;9
allens;9
agreeably;9
affluence;9
affectation;9
accusation;9
yorkshire;6
yearly;8
wretchedly;8
wisely;8
wholesome;8
weariness;8
waver;8
walker;8
vulgarity;8
vexatious;8
vent;8
unreserved;8
uniform;8
uncivil;8
unceasing;8
umbrella;8
ugly;8
triumphant;8
trim;8
transport;8
tour;8
timber;8
thoughtlessness;8
tenderly;8
supplant;8
sunshine;8
succession;8
stroll;8
straight;8
statement;8
sportsman;7
sob;8
smallness;8
shan;8
shameful;8
serviceable;8
sensibly;8
seclusion;8
scrape;8
sarah;8
salutation;8
rumour;8
route;8
revolt;8
review;8
revert;8
reveal;8
respectful;8
resident;8
resentful;8
reprobate;8
repay;8
remiss;8
remainder;8
relent;8
reign;8
recur;8
rampart;8
race;8
quiz;8
quantity;8
puppy;8
punctually;8
provocation;8
protect;8
prose;8
proprietor;8
prohibit;8
proceeding;8
privy;8
privacy;8
practicable;8
phoo;4
personally;8
pencil;8
pavement;8
partly;8
parliament;8
painter;8
outlive;8
offensive;8
nicely;8
net;8
naval;8
nation;8
mutton;8
muse;8
motionless;8
monkford;8
militia;8
merriment;8
mercenary;8
member;8
marlborough;8
manuscript;8
maintenance;8
magnificent;8
longstaple;8
lobby;8
lamentation;8
lake;8
laconia;8
kingston;8
keenly;8
italian;8
involuntarily;8
invention;8
intermission;8
injurious;8
infancy;8
indubitable;8
individual;8
indignant;8
inconsiderable;8
inconceivable;8
incommode;8
inattentive;8
impudence;8
improperly;8
imperfection;8
ii;4
hush;7
housekeep;8
honourably;8
henrietta_s;8
handkerchief;8
guidance;8
graciously;8
gossip;8
gipsy;8
gentlewoman;8
gaily;8
friendliness;8
fret;8
freshness;7
frankness;8
forego;8
forcibly;8
footman;8
final;8
favourably;8
faulty;8
fare;8
familiarity;8
expediency;8
exhibition;8
execution;8
excursion;8
enclose;8
edge;8
edgar;8
dote;8
discreet;8
disappear;8
dialogue;8
destine;8
desponding;8
curtsey;8
cow;8
cough;8
constrain;8
conquer;8
conjugal;8
confidential;8
confer;8
composition;8
completion;8
comedy;8
cloak;8
clean;7
cheat;8
charmingly;8
chapman;7
ceremonious;8
cart;8
cap;8
candid;8
brilliancy;8
bound;8
boot;8
boat;8
blank;8
bespeak;7
augment;8
atonement;7
asunder;8
army;8
ardent;8
apothecary;8
annuity;8
animal;8
amply;8
alternative;8
agreeableness;7
affability;8
admirable;8
administer;8
acutely;8
accustom;8
abhor;8
youthful;7
yellow;7
witty;7
wisdom;7
wink;7
williams;7
wilful;7
widely;7
westgate;7
weigh;7
wealthy;7
wash;7
ward;7
vouchsafe;7
vindication;7
vicinity;7
vanish;7
urgency;7
untoward;7
unsuitable;7
unsteady;7
unreasonably;7
unquestionably;7
unnoticed;7
unlooked;7
unjustifiable;7
unintelligible;7
unfairly;7
undo;7
undergo;7
tumble;7
transaction;7
tragedy;7
tooth;7
toil;7
testify;7
temporary;7
tedious;7
survive;7
surgeon;7
superintend;7
suddenness;7
successively;7
subside;7
stroke;7
string;7
strikingly;7
stoke;7
splendour;7
solicitation;7
solemnly;7
sneer;7
slumber;7
sisterly;7
simply;7
similarity;7
shorten;7
shore;7
shilling;7
severity;7
serenity;7
seemingly;7
scream;7
scorn;7
scandalous;7
saucy;7
sash;7
salt;7
sally;7
sagacity;7
rub;6
row;7
rooke;6
rock;7
robinson;7
robert_s;7
rivet;6
riddle;6
respective;7
resistance;7
repulsive;7
remedy;7
reluctant;7
relinquish;7
rejoin;7
refine;7
reappear;7
ravenshaw;7
raillery;7
quarrelled;7
qualification;7
purity;7
pulse;7
pug;7
protestation;7
productive;7
print;7
premise;7
preacher;7
pre;7
pratt;6
position;7
pony;7
politics;6
pointedly;7
pleasantness;7
plate;7
physician;7
philosophy;7
perpetually;7
patronage;7
parental;7
paragraph;7
ordain;7
observant;7
noon;7
nonsensical;7
night_s;7
negligence;7
native;7
nancy;7
mysterious;7
miserably;7
misapprehension;7
miniature;7
messenger;7
mantelpiece;7
maddox;7
loveliness;7
level;7
landau;7
knightleys;7
knee;7
justification;7
july;7
joyous;7
irritable;7
irksome;7
involuntary;7
invariable;7
intrude;7
instinctively;7
instantaneous;7
insignificant;7
insignificance;7
inequality;7
indecision;7
incompatible;7
incivility;7
impudent;7
impediment;7
hysteric;7
hodges;7
hire;7
hereabouts;7
healthy;7
gun;7
guardian;7
growth;7
greatness;7
greatcoat;7
gray;7
gradation;7
graciousness;7
government;7
glare;7
gilbert;7
foresight;7
feed;7
fastidious;7
fag;7
fade;7
extremity;7
expressly;7
evidence;7
everyday;7
esq;7
equality;7
endanger;7
eloquent;6
eligibility;7
elevation;7
effectually;7
echo;7
dowager;7
doubly;6
dorsetshire;6
doom;7
disturbance;7
distract;7
dissipate;7
discredit;7
disagree;7
dimension;7
destination;7
deplore;7
demure;7
deliberation;7
deject;7
degradation;7
deed;7
curl;7
cunning;7
cruelly;7
cowper;7
coolness;7
contradiction;7
contemptible;7
confound;7
confidante;7
conduit;7
condemnation;7
concession;7
compromise;7
commonplace;7
club;7
chuses;7
cheese;7
charitable;7
channel;7
carpenter;6
carelessness;7
bragge;7
basin;7
austen;7
audience;7
attic;7
archly;7
apologize;7
ankle;7
anecdote;7
anderson;7
aggravation;7
affectedly;7
advocate;7
acre;7
accession;7
abominably;7
yawn;6
wrapt;6
worthless;6
wonderfully;6
windsor;6
wickedness;5
whomsoever;6
whitwell;6
watchfulness;6
vouch;6
vision;6
vigour;6
verse;6
veil;6
vault;6
uppermost;6
unqualified;6
unnecessarily;6
unmanageable;6
unlock;6
uniformly;6
unattended;6
unanswerable;6
twist;6
turkey;6
transient;6
timidity;6
taunton;6
sympathetic;6
successfully;6
strictly;6
stoutly;6
stocking;6
spurn;6
specie;6
speaker;6
sophy;6
slope;6
sloop;6
singular;6
simper;6
significantly;6
shortness;6
shabby;6
servant_s;6
secondary;6
seal;6
scholar;6
saunter;6
sameness;6
sail;6
sadness;6
rushworths;6
rudeness;6
roast;5
retrench;6
restriction;6
resignation;6
reputation;6
relish;6
reliance;6
regulation;6
regularity;6
recurrence;6
rebecca_s;5
reasoning;6
ray;6
rattle;6
rare;6
rage;6
queer;6
purport;6
punish;6
publish;6
publication;6
proudly;6
proposition;6
profusion;6
privately;6
prison;6
prepossession;6
prepossess;6
precaution;6
port;6
popularity;6
pope;6
poorly;6
poet;6
placid;6
philosophic;6
petticoat;4
perceptible;6
patron;6
partially;6
overspread;6
overflow;6
outweigh;6
ordination;6
orchard;6
offense;6
obviate;6
oath;6
needlework;6
needful;6
neatness;6
narrowly;6
narrative;6
narration;6
murder;6
morlands;6
morality;6
moonlight;6
mingle;6
midshipman;6
market;6
manoeuvre;6
manly;6
manager;6
main;6
loiter;6
lofty;6
livery;6
littleness;6
literary;6
limb;6
lightly;6
lighten;6
liberally;6
laughter;6
laughingly;6
landscape;6
kneel;6
kick;6
jones;6
job;6
jackson;6
invaluable;6
intolerable;6
instruct;6
instinctive;6
inspection;6
insipidity;6
insinuate;6
ingenious;6
infection;6
infamy;6
infamous;6
indolence;5
indignity;6
incur;6
immovable;6
imaginable;6
hysterical;6
humph;6
hotel;6
hospitable;6
heretofore;6
hearer;6
heal;6
headstrong;6
haunt;6
harmless;6
handle;6
hackney;6
guardianship;6
grossly;6
gradual;6
gouty;6
gardiners;6
fuss;6
frasers;6
forestall;5
forest;6
foreign;6
fight;6
feminine;6
fearfully;6
fat;6
falter;6
extort;6
extinguish;6
expressively;6
exhibit;6
eventually;6
estimable;6
escort;6
equipage;6
equalled;6
enumerate;6
enliven;6
enlighten;6
encumbrance;6
emphasis;6
embellishment;6
elliots;6
elderly;6
eclat;6
duration;6
duly;6
doubtless;6
doubtingly;6
dissimilar;6
disrespect;6
discourage;6
disconcert;6
disclosure;6
diligence;5
diffident;6
devise;6
development;6
destruction;6
descent;6
deplorable;6
deliberately;6
define;6
deceitful;6
deaf;6
darkness;6
crescent;6
creation;5
courtship;5
cotton;6
correspond;6
corp;6
convert;6
control;6
contemptuous;6
construction;6
conscientious;6
compatible;6
comment;6
cling;6
climate;6
clerk;6
clergy;6
chimney;6
carve;6
capacity;6
capability;6
butter;6
busily;6
brow;6
breathless;6
breast;6
bottle;6
bone;6
boldly;6
blockhead;6
blaize;6
bedroom;6
beautifully;6
beam;6
bartlett_s;6
bargain;6
await;6
avowal;6
avarice;6
augusta;6
audible;6
attorney;6
assistant;6
aspire;6
asp;5
artful;6
answerable;6
anguish;6
anew;6
andrews;6
amid;6
alleviation;6
alertness;6
adviser;6
adorn;6
admirably;6
actor;6
accustomary;6
zealous;5
york;5
woody;5
woe;5
wisher;5
wipe;5
widower;5
weep;5
watchful;5
wake;5
waistcoat;5
visibly;5
viscountess;5
vigorous;5
verdure;5
vague;5
unwholesome;5
untouched;5
unsuspected;5
unsafe;5
unprincipled;5
unprepared;5
unheard;5
unhappily;5
unfounded;5
unfair;5
unemployed;5
undisturbed;5
undecided;5
undeceive;5
unconquerable;5
unbecoming;5
unavoidable;5
tune;5
tumult;5
triumphantly;5
treachery;5
tray;5
transition;5
transfer;5
toothpick;5
tonight;5
token;5
title;5
timid;5
threat;5
threadbare;5
test;5
terrace;5
tempest;5
teacher;5
tart;4
talkative;5
tale;5
swear;5
suspension;5
supersede;5
summit;5
substitute;5
substantial;5
submissive;5
subjection;5
stubborn;5
stornaway;5
stile;5
starve;5
standard;5
spruce;5
spontaneous;5
splendid;5
spiritless;5
sphere;5
sophia;5
softness;5
sneyd;5
smoke;5
slightingly;5
sixty;4
shutter;5
shrub;5
seizure;5
scramble;5
scissor;5
schoolfellow;5
scarlet;5
rupture;5
riot;4
richly;5
revival;5
resort;5
repulse;5
repton;4
reprove;5
reprehensible;5
repentance;5
remorse;5
relapse;5
rejection;5
rap;5
rally;5
radcliffe;5
quiver;5
quietness;5
quadrille;5
punctuality;5
prodigiously;5
process;5
presentiment;5
preparatory;5
preferable;5
predict;5
posture;5
pointer;5
poignant;5
plunge;5
pink;5
perverse;5
pert;5
perplex;5
permanently;5
permanent;5
pecuniary;5
peculiarity;5
payment;5
participation;5
partake;5
pardonable;5
owens;5
otway;3
ostler;5
oppression;5
operate;5
olive;5
obstinacy;5
nut;5
nowadays;5
nicety;4
newly;5
needle;5
mutually;5
musing;5
mountain;5
mortal;5
minutia;5
minutely;5
million;5
midsummer;5
mediterranean;5
medicine;5
meanness;5
maxim;5
marri;5
malice;5
luxurious;4
lounge;5
loudly;5
local;5
liquor;5
lid;5
legal;5
legacy;5
lavender;5
lap;5
lansdown;5
landlord;5
jest;5
irresolute;5
irrational;5
investigation;5
inure;5
intimation;5
interchange;5
intentionally;5
intellectual;5
instantaneously;5
insinuation;5
insincere;5
inmate;5
inimitable;5
inexpressibly;5
inexcusable;5
indignantly;5
indescribable;5
independently;5
indelicacy;5
incredulity;5
inconstant;5
incessantly;5
inadequate;5
imperfectly;5
imperfect;5
impel;5
impartiality;5
immense;5
imitation;5
illiterate;5
illiberal;5
hyacinth;4
humouredly;5
hum;5
hue;5
hourly;5
hindrance;5
heroic;5
heedless;5
heavily;5
heavenly;5
heartfelt;5
hayters;5
habitual;5
habitation;5
grudge;5
grievously;5
gout;5
goose;4
gloucestershire;5
generality;5
fruitless;5
frivolous;5
freeze;5
fraternal;5
france;5
forebode;5
flush;5
flourish;5
fireside;5
fireplace;5
feebleness;5
fee;5
fanciful;5
fan;5
faithfully;5
exult;5
extract;5
extenuation;5
exposure;5
explicit;5
expeditiously;5
excusable;5
enhance;5
endurance;5
endow;5
encroach;4
elope;5
elegancies;5
elbow;5
ejaculation;5
efficacy;5
edition;5
dutiful;5
dust;5
duet;5
downright;5
donavan;4
doctrine;5
divine;5
dissipation;5
dissent;5
disrespectfully;5
disrespectful;5
dispel;5
dismay;5
disinterestedness;5
disincline;5
disclose;5
dint;5
diminution;5
device;5
detestable;5
despondence;5
delusion;5
delicious;5
deliberate;5
definition;5
decency;5
december;5
decay;5
dawlish;5
curse;5
copse;5
conveniently;5
contrition;5
consternation;5
condolence;5
concise;5
conciliate;5
conception;5
comprehensive;5
compound;5
complimentary;5
competence;5
commonly;5
comic;4
comfortless;5
combat;5
coldly;5
cliff;5
clearness;5
city;5
circulate;5
chicken;5
chatty;5
chatter;5
characteristic;5
chaplain;5
cell;5
cautiously;5
cassel;5
casement;5
caress;5
career;5
cape;5
bridge;5
breeze;5
brave;5
bowl;5
boarder;5
bird;5
bingleys;5
belle;5
behindhand;5
bearer;5
bateses;5
basis;5
barbarous;5
baddeley;5
backgammon;5
avow;4
augur;5
assiduous;5
arrogance;5
apricot;5
angrily;5
ambitious;5
altar;5
alphabet;5
ally;5
alienate;5
affirmative;5
advertise;5
advancement;5
addict;5
acuteness;5
acquirement;5
accost;5
accede;5
abundantly;5
abruptness;5
abrupt;5
younge;4
wright;4
wrap;4
willed;4
wilfully;4
whilst;4
whichever;4
westminster;4
western;4
weekly;4
warehouse;4
waive;4
wainscot;4
volubility;4
void;4
violation;4
villain;4
vile;4
vigorously;4
victory;4
veracity;4
velvet;4
vehemence;4
vacancy;4
upstart;4
unwearied;4
unvarying;4
unused;4
unthought;4
unsuccessfully;4
unpleasing;4
unpleasantness;4
unpersuadable;4
unmerited;4
unknowingly;4
unimportant;4
unfriendly;4
unfrequently;4
unfix;4
unfelt;4
unfeigned;4
unfeelingly;4
unembarrassed;4
undoubted;4
undesirable;4
undeserving;4
undervoice;4
unchanged;4
unbroken;4
unanimous;4
unalloyed;4
unabated;4
tyranny;4
twilight;4
twickenham;4
tunbridge;4
trespass;4
tremulous;4
tranquillised;4
tragic;4
tradesman;4
toilette;4
tidy;4
tide;4
ticket;4
thrive;4
thrill;4
thread;4
thoughtfully;4
tete_;4
terrific;4
termination;4
tediousness;4
task;4
tapestry;4
tap;4
tame;4
sympathise;4
swisserland;4
swiftly;4
sustain;4
superadded;4
suitableness;4
sturdy;4
studiously;4
strangely;4
stormy;4
sting;4
stick;4
stept;4
stately;4
star;4
stain;4
stagger;4
squire;4
squeeze;4
spell;4
speechless;4
speck;4
sour;4
sonnet;4
soliloquy;4
solace;4
soil;4
smoothness;4
smirk;4
smell;4
slice;4
sleeve;4
skeleton;4
silk;4
shudder;4
shrug;4
shower;4
shill;4
shelf;4
shamefully;4
seventy;4
settlement;4
seriousness;4
sequel;4
separately;4
seclude;4
se;4
scratch;4
scott;4
scenery;4
scarce;4
scanty;4
scale;4
satisfactorily;4
salisbury;4
sadden;4
root;4
richardson;4
revolve;4
revolution;4
retort;4
restorative;4
restoration;4
restlessness;4
respectably;4
rescue;4
repute;4
reprimand;4
rent;4
rencontre;4
remote;4
reluctantly;4
rein;4
reform;4
reduction;4
redden;4
rector;4
recourse;4
recommence;4
realised;4
rave;4
rarely;4
ramsgate;4
rack;4
quotation;4
quarrelsome;4
quadrangle;4
purple;4
publicly;4
publicity;4
providence;4
proverb;4
prone;4
prominent;4
profile;4
professedly;4
production;4
prey;4
prescribe;4
premature;4
preclude;4
precision;4
precise;4
precipitate;4
precedence;4
pratt_s;4
postscript;4
possessor;4
pore;4
popular;4
pool;4
pompous;4
pledge;4
pleasantry;4
pique;4
pew;4
petty;4
petition;4
personage;4
pensive;4
penny;4
pelisse;4
pearl;4
paternal;4
patch;4
passionately;4
partridge;4
parson;4
paltry;4
palpably;4
paleness;4
painfully;4
overture;4
overbear;4
outwardly;4
outstrip;4
oneself;4
omission;4
offspring;4
octagon;4
obtrude;4
obscurity;4
nothingness;4
northward;4
northern;4
nominally;4
nominal;4
nobly;4
nobility;4
newcastle;4
nanny;4
nameless;4
naivete;4
multiply;4
motherly;4
moor;3
mood;4
monument;4
monarch;4
modestly;4
moderately;4
mob;4
misunderstanding;4
mischievous;4
mischance;4
mirror;4
minuteness;4
military;4
mighty;4
midnight;4
methodical;4
merciful;4
memento;4
medium;4
mechanically;4
measles;4
meanly;4
manor;4
mankind;4
mahogany;4
lowness;4
lowly;4
looker;4
loin;4
lit;4
lieu;4
licence;3
lewis;4
leant;4
lazy;4
laurel;4
knit;4
knight;4
kindle;4
junior;4
judiciously;4
jewel;4
island;4
irremediable;4
investigate;4
intruder;4
internally;4
intermediate;4
intellect;4
insupportable;4
insight;4
insidious;4
inquietude;4
innumerable;4
innocently;4
injudicious;3
infirm;4
infant;4
individually;4
indisputable;4
indefinite;4
indefatigable;4
inconsistent;4
improver;4
imprisonment;4
import;4
impetuous;4
impassable;4
imitate;4
imbibe;4
hungry;4
hundredth;4
humiliate;4
hopeful;4
hollow;4
hoarse;4
hit;4
historian;4
heyday;4
henceforward;4
henceforth;4
haughty;4
hatred;4
hart;4
harshly;4
harsh;4
harass;4
hamilton;4
gust;4
grate;4
grandfather;4
gothic;4
gibraltar;4
generously;4
gape;4
frown;4
fretfulness;4
foul;4
fortnight_s;4
forgetfulness;4
footpath;4
foolishly;4
flavour;4
fidelity;4
fetter;4
feign;4
feeble;4
feather;4
fatal;4
farmyard;4
familiarly;4
exterior;4
extension;4
expire;4
execute;4
exclusively;4
evince;4
evergreen;3
etiquette;4
eternal;4
essay;4
equivalent;4
equip;4
envelope;4
entangle;4
enlargement;4
enlarge;4
endowment;4
enclosure;4
eminence;4
emily;4
elegantly;4
elate;4
elapse;4
edifice;4
durable;4
duplicity;4
dullness;4
drown;4
drift;4
dorothy;4
donkey;4
diversion;4
dissolve;4
disservice;4
dissatisfaction;4
disquiet;4
disoblige;4
dismissal;4
discrimination;4
discouragement;4
discomposure;4
disappearance;4
dim;4
dessert;4
desperation;4
desperately;4
desk;4
desirableness;4
deservedly;4
descry;4
depression;4
deprecate;4
deposit;4
defective;4
dealing;4
deaden;4
dalrymples;4
curtsy;4
curtail;4
crisis;4
creditor;4
cream;4
crayon;4
cramp;4
counsellor;4
corroborate;4
conundrum;3
contraction;4
consume;4
consistency;4
conformity;4
conform;4
confidant;4
complacently;4
competition;4
competent;4
commodious;4
commander;4
combine;4
collectedly;4
coincide;4
cluster;4
clapham;4
circumspection;4
circuit;4
chill;4
childhood;4
cheerless;4
chaperon;4
carter;4
careys;4
candlelight;4
camp;4
buzz;4
brisk;4
brightness;4
bodily;4
blunt;4
blot;4
blast;4
bilious;3
betty;4
bequeath;4
befriend;4
beer;4
baronetcy;4
bare;4
bar;4
baldwin;4
backwards;4
bachelor;4
aversion;3
atmosphere;4
astley;4
ashore;4
antwerp;4
annihilation;4
analogy;4
alternately;4
alight;4
alert;4
airy;4
ailment;4
aghast;4
affable;4
admittance;4
admission;4
adhere;4
acquiesce;4
achieve;4
accurately;4
accordant;4
accord;4
abstraction;4
abstain;4
abominate;4
abatement;4
_tete;4
yew;3
yarmouth;3
wrought;3
wretch;3
worship;3
workman;3
woodhouses;3
womanly;3
wing;3
wiltshire;3
willoughbys;3
wildly;3
wildenheim;3
wight;3
whitaker;3
whip;3
wheel;3
wearisome;3
wanton;3
walnut;3
wallises;3
viscount;3
virtuous;3
violin;3
violate;3
vicar;3
vessel;3
varnish;3
utterly;3
uprightness;3
upbraid;3
unworthily;3
unusually;3
unsuited;3
unstudied;3
unsteadiness;3
unshaken;3
unsatisfactory;3
unrestrained;3
unquiet;3
unpromising;3
unprofitable;3
unprejudiced;3
unpractised;3
unpleasantly;3
unobtrusive;3
unmoved;3
unmarked;3
university;3
unison;3
uninterrupted;3
uninformed;3
unfasten;3
undue;3
undress;3
unconvinced;3
uncheerful;3
unchecked;3
unbend;3
unavailing;3
unassuming;3
unanswered;3
unalterable;3
unaffectedly;3
unacknowledged;3
ultimate;3
twentieth;3
turnpike;3
troop;3
trinket;3
trepidation;3
treacherous;3
transpire;3
transparency;3
transmit;3
transgress;3
transcribe;3
tranquillise;3
trait;3
tower;3
torrent;3
tithe;3
tippet;3
thirdly;3
theme;3
text;3
terribly;3
sympathize;3
sweetly;3
sway;3
suspiciously;3
surmount;3
superciliousness;3
suite;3
sufficiency;3
successive;3
strenuously;3
stray;3
straightforward;3
stomach;3
stipulation;3
stipulate;3
stiffness;3
steadfastly;3
steadfast;3
stanhill;3
stability;3
stab;3
squabble;3
spunging;3
sprig;3
sprain;3
sposo;3
spleen;3
spectator;3
sorrowfully;3
somerset;3
solitariness;3
solidity;3
softly;3
smoothly;3
smilingly;3
slyness;3
slacken;3
skinners;3
sixpence;3
simile;3
signal;3
shropshire;3
shrewd;3
showery;3
shiver;3
shirt;3
sharpen;3
sharer;3
shady;3
serle;3
seniority;3
seduction;3
sedentary;3
sedate;3
secresy;3
scoundrel;3
scotch;3
sarcastic;3
sand;3
saloon;3
sallow;3
sale;3
roar;3
rheumatism;3
rheumatic;3
retrace;3
retentive;3
retail;3
reseat;3
requite;3
requisition;3
representative;3
replete;3
replace;3
remnant;3
religious;3
religion;3
regiment_s;3
regale;3
refute;3
reformation;3
rectory;3
rectify;3
recognize;3
recognition;3
reciprocal;3
recede;3
reasonableness;3
rear;3
reap;3
rationality;3
rascal;3
random;3
putrid;3
putney;3
purely;3
pupil;3
pulpit;3
proxy;3
protract;3
protege;3
prolong;3
profitable;3
professional;3
prodigy;3
presumptive;3
prediction;3
predicament;3
powerless;3
powder;3
poulterer;3
postpone;3
porter;3
populous;3
pond;3
policy;3
poison;3
poem;3
plight;3
plentiful;3
plaintive;3
piquet;3
pint;3
pillow;3
pi;3
peruse;3
persuadable;3
persecution;3
perrys;3
perforce;3
penitent;3
penitence;3
peep;3
patiently;3
pathetic;3
passive;3
passable;3
parley;3
parishioner;3
parent_s;3
parasol;3
pant;3
panegyric;3
paddock;3
packet;3
pacify;3
overrate;3
outer;3
outdo;3
ostentation;3
ostensible;3
orphan;3
orderly;3
orchestra;3
obligingly;3
nurseryman;3
nuptial;3
nuisance;3
nourish;3
nose;3
nnight;3
ninth;3
ninety;3
nettle;3
needlessly;3
necessitous;3
neatly;3
nail;3
mutter;3
musician;3
multitude;3
muffin;3
motto;3
moralize;3
mock;3
mismanagement;3
misinterpret;3
misconstruction;3
misconception;3
miracle;3
minor;3
mindful;3
metal;3
memorial;3
memorandum;3
medical;3
meantime;3
mature;3
massy;3
margaret_s;3
mantel;3
mamma_s;3
malicious;3
male;3
malady;3
mail;3
magnitude;3
lurk;3
lung;3
lottery;3
loser;3
loose;3
longtown;3
lonely;3
living;3
litter;3
limitation;3
lime;3
lightness;3
levity;3
leisurely;3
lease;3
laurentina_s;3
laudable;3
lastly;3
lash;3
largely;3
lame;3
labourer;3
knave;3
knack;3
kindred;3
justness;3
junction;3
jumble;3
jove;3
jointure;3
jilt;3
jade;3
italy;3
irreproachable;3
irregular;3
invest;3
intrigue;3
intreat;3
intimidate;3
intervene;3
internal;3
insufferably;3
instrument_s;3
instinct;3
insincerity;3
inside;3
innate;3
ingenuousness;3
infirmity;3
inference;3
infamously;3
inexperienced;3
inexperience;3
ineffectual;3
industriously;3
indistinct;3
indispensably;3
indiscretion;3
indication;3
indecorum;3
incurable;3
incredulous;3
inconsolable;3
inconsiderately;3
inconsiderate;3
importune;3
importunate;3
impolitic;3
impertinently;3
impenetrable;3
impend;3
impede;3
impartially;3
immoderately;3
ice;3
humourist;3
horsewoman;3
horseman;3
horribly;3
horizon;3
hole;3
hideous;3
hen;3
hem;3
heiress;3
heath;3
hazle;3
hay;3
haunch;3
harvest;3
harangue;3
hanover;3
hail;3
habitable;3
groundwork;3
greet;3
grass;3
grappler;3
grandson;3
grandpapa;3
gowland;3
gladden;3
gild;3
gesture;3
georgiana_s;3
gale;3
fury;3
funeral;3
fund;3
fullness;3
fulfill;3
frugality;3
frigate;3
friendless;3
freak;3
frances;3
fragrance;3
fragment;3
fox;3
fortify;3
fork;3
foreboding;3
foolishness;3
fling;3
flatterer;3
flannel;3
finesse;3
finance;3
finale;3
filigree;3
fence;3
feasible;3
fascination;3
farmhouse;3
fairy;3
extinction;3
explanatory;3
expert;3
expenditure;3
expatiate;3
exorbitant;3
excellency;3
excel;3
exasperate;3
exaggeration;3
exaggerate;3
estrangement;3
essentially;3
erect;3
epsom;3
enumeration;3
enrich;3
enrage;3
enormous;3
endeavor;3
encumber;3
enchant;3
emigrant;3
elude;3
ellison;3
elliott;3
elation;3
elasticity;3
eighth;3
effectual;3
economical;3
eccentric;3
ebony;3
easiness;3
earthly;3
dutifully;3
dusk;3
dulness;3
duke;3
drummond;3
dreamt;3
dreamer;3
drain;3
doer;3
dixons;3
divorce;3
diversify;3
distaste;3
dissimilarity;3
disproportion;3
dismount;3
dismal;3
dishearten;3
discipline;3
disarm;3
diminish;3
dilatory;3
digression;3
deviation;3
deter;3
desolate;3
designedly;3
desertion;3
derange;3
depreciate;3
deportment;3
dentist;3
demur;3
demerit;3
delivery;3
deliverance;3
deign;3
deduction;3
decree;3
deceit;3
daylight;3
dagger;3
cushion;3
cup;3
cultivation;3
cultivate;3
cromer;3
criticise;3
crimson;3
criminal;3
cravat;3
covert;3
countless;3
counterbalance;3
counteraction;3
counter;3
council;3
corrupt;3
correctly;3
conversable;3
contradictory;3
contention;3
contemptuously;3
consumption;3
consolatory;3
consign;3
considerately;3
connive;3
congratulatory;3
confederacy;3
conduce;3
concisely;3
compunction;3
compress;3
complaisant;3
compass;3
compact;3
commiseration;3
commencement;3
collation;3
coincidence;3
cloth;3
clemency;3
clamorous;3
chestnut;3
chasm;3
chariot;3
certify;3
century;3
ceiling;3
cavil;3
cautiousness;3
causeless;3
cattle;3
cash;3
caro;3
caper;3
candidly;3
camilla;3
bystander;3
byron;3
burnt;3
brute;3
bruise;3
brotherly;3
brook;3
briskly;3
bribe;3
bookseller;3
bookcase;3
blossom;3
blameable;3
bit;3
biscuit;3
birmingham;3
biographer;3
bickerton;3
beneficial;3
belmont;3
beginning;3
battle;3
basil;3
barrier;3
baronet_s;3
balance;3
baize;3
bailiff;3
background;3
avowedly;3
avoidance;3
average;3
authorize;3
authoritative;3
attire;3
attainable;3
assign;3
assiduity;3
assail;3
asparagus;3
artist;3
artifice;3
articulate;3
arrowroot;3
archness;3
approval;3
appal;3
apace;3
annum;3
annex;3
annesley;3
amity;3
allay;3
alarmingly;3
akin;3
affix;3
advertisement;3
adverse;3
advantageously;3
adore;3
adoration;3
adjust;3
adequate;3
actuate;3
actress;3
acquittal;3
accumulation;3
accountable;3
abound;3
abate;3
28th;3
22nd;3